date,spot_foreign_net,spot_trust_net,spot_dealer_self_net,spot_dealer_hedge_net,spot_total_net,spot_dealer_net,fut_dealer_deal_net,fut_dealer_oi_net,fut_dealer_oi_long,fut_dealer_oi_short,fut_trust_deal_net,fut_trust_oi_net,fut_trust_oi_long,fut_trust_oi_short,fut_foreign_deal_net,fut_foreign_oi_net,fut_foreign_oi_long,fut_foreign_oi_short,opt_dealer_call_oi_net,opt_dealer_call_deal_net,opt_dealer_call_oi_long,opt_dealer_call_oi_short,opt_trust_call_oi_net,opt_trust_call_deal_net,opt_trust_call_oi_long,opt_trust_call_oi_short,opt_foreign_call_oi_net,opt_foreign_call_deal_net,opt_foreign_call_oi_long,opt_foreign_call_oi_short,opt_dealer_put_oi_net,opt_dealer_put_deal_net,opt_dealer_put_oi_long,opt_dealer_put_oi_short,opt_trust_put_oi_net,opt_trust_put_deal_net,opt_trust_put_oi_long,opt_trust_put_oi_short,opt_foreign_put_oi_net,opt_foreign_put_deal_net,opt_foreign_put_oi_long,opt_foreign_put_oi_short,opt_foreign_pcr,spot_foreign_net_5d,spot_trust_net_5d,spot_dealer_net_5d,spot_total_net_5d,fut_foreign_oi_chg,chip_label,chip_bias
2024-06-03,29.01323619,32.27814762,13.64107662,-26.2443349,48.68812553,-12.60325828,-911.0,-4873.0,4855.0,9728.0,1255.0,12386.0,19562.0,7176.0,-1609.0,-16699.0,36324.0,53023.0,1295.0,4039.0,56351.0,55056.0,30.0,0.0,80.0,50.0,11960.0,1626.0,38160.0,26200.0,9363.0,-111.0,71980.0,62617.0,16.0,0.0,200.0,184.0,25534.0,-3144.0,67007.0,41473.0,1.7559486373165618,29.01323619,32.27814762,-12.60325828,48.68812553,,偏多｜投信買超,1
2024-06-04,-202.82805872,71.02567824,-23.84271154,-101.72764318,-257.3727352,-125.57035472,70.0,-4980.0,4230.0,9210.0,-214.0,12172.0,19556.0,7384.0,-2406.0,-19089.0,31942.0,51031.0,-8165.0,-9460.0,60239.0,68404.0,30.0,0.0,80.0,50.0,10173.0,-1787.0,38604.0,28431.0,15011.0,5648.0,75671.0,60660.0,16.0,0.0,200.0,184.0,31858.0,6324.0,72671.0,40813.0,1.8824733188270646,-173.81482253000001,103.30382586,-138.173613,-208.68460967000001,-2390.0,偏空確認｜外資現貨大賣；外資期貨淨空增；投信買超,-2
2024-06-05,-187.32803654,70.41180388,-13.04673327,-50.40553586,-180.36850179,-63.45226913,-1892.0,-6830.0,2858.0,9688.0,67.0,12239.0,19567.0,7328.0,2643.0,-16446.0,33794.0,50240.0,1345.0,3612.0,38362.0,37017.0,30.0,0.0,80.0,50.0,8257.0,864.0,31860.0,23603.0,-1137.0,-18058.0,54675.0,55812.0,16.0,0.0,200.0,184.0,23499.0,316.0,60919.0,37420.0,1.9120841180163215,-361.14285907,173.71562974,-201.62588213,-389.05311146,2643.0,偏多｜外資現貨大賣；外資期貨淨多增；現貨賣／期貨多→可能回補或對沖,1
2024-06-06,215.00210599,59.09611093,-16.58472171,-12.60548211,244.9080131,-29.19020382,-1165.0,-7990.0,2972.0,10962.0,-253.0,11986.0,19053.0,7067.0,4889.0,-10528.0,35182.0,45710.0,19265.0,17920.0,55943.0,36678.0,30.0,0.0,80.0,50.0,8815.0,558.0,36268.0,27453.0,-1847.0,-710.0,69608.0,71455.0,16.0,0.0,200.0,184.0,25245.0,1746.0,66818.0,41573.0,1.8423403551340025,-146.14075308000002,232.81174067,-230.81608595,-144.14509836000002,5918.0,偏多確認｜外資現貨大買；外資期貨淨多增；投信買超,2
2024-06-07,-98.54815458,29.74861182,-2.74100549,-29.68283537,-101.22338362,-32.42384086,1296.0,-6675.0,3008.0,9683.0,-537.0,11449.0,18520.0,7071.0,-78.0,-10606.0,34704.0,45310.0,9514.0,-9751.0,53892.0,44378.0,30.0,0.0,80.0,50.0,8816.0,1.0,36601.0,27785.0,797.0,2644.0,72774.0,71977.0,16.0,0.0,200.0,184.0,25668.0,423.0,67859.0,42191.0,1.854020381956777,-244.68890766000004,262.56035249,-263.23992681,-245.36848198,-78.0,偏空｜外資現貨大賣；投信買超；選擇權 PCR 偏高≥1.85（≈P80）,-1
2024-06-11,-332.9227928,38.16996443,-30.51322972,-79.81939302,-405.08545111,-110.33262274,1146.0,-5600.0,2903.0,8503.0,76.0,11525.0,18525.0,7000.0,-4150.0,-15850.0,29587.0,45437.0,9686.0,172.0,57574.0,47888.0,30.0,0.0,80.0,50.0,10002.0,1186.0,38342.0,28340.0,2608.0,1811.0,78506.0,75898.0,16.0,0.0,200.0,184.0,26507.0,839.0,69123.0,42616.0,1.8028011058369413,-606.6249366500001,268.4521693,-360.96929127,-699.14205862,-5244.0,偏空確認｜外資現貨大賣；外資期貨淨空增；投信買超,-2
2024-06-12,168.17421899,12.67402698,-2.47481797,-22.18187408,156.19155392,-24.65669205,-1242.0,-6789.0,3319.0,10108.0,337.0,11862.0,18847.0,6985.0,4711.0,-11139.0,33007.0,44146.0,-1267.0,-7855.0,32184.0,33451.0,30.0,0.0,80.0,50.0,10891.0,2022.0,35313.0,24422.0,-4602.0,-19029.0,57118.0,61720.0,16.0,0.0,200.0,184.0,24822.0,1906.0,63356.0,38534.0,1.794126808823946,-235.62265894000004,210.10051804,-260.0556286,-285.5777695,4711.0,偏多確認｜外資現貨大買；外資期貨淨多增,2
2024-06-13,323.05370571,-3.52047727,17.86568009,0.03652451,337.43543304,17.9022046,683.0,-6090.0,4367.0,10457.0,418.0,12280.0,19048.0,6768.0,-2966.0,-13318.0,32985.0,46303.0,11682.0,12949.0,50425.0,38743.0,30.0,0.0,80.0,50.0,12554.0,1663.0,39760.0,27206.0,-281.0,4321.0,69217.0,69498.0,16.0,0.0,200.0,184.0,20607.0,-4215.0,65797.0,45190.0,1.654854124748491,274.75908330999994,136.16823689,-178.70115486999998,232.22616533000004,-2179.0,偏空｜外資現貨大買；外資期貨淨空增；現貨買／期貨空→偏避險,-1
2024-06-14,199.27601608,3.37143749,30.21573694,-5.80933377,227.05385674,24.40640317,-777.0,-6879.0,4327.0,11206.0,169.0,12449.0,19117.0,6668.0,463.0,-12855.0,34494.0,47349.0,13375.0,1693.0,53028.0,39653.0,30.0,0.0,80.0,50.0,14196.0,1642.0,41954.0,27758.0,-7320.0,-7039.0,75516.0,82836.0,16.0,0.0,200.0,184.0,21172.0,565.0,68388.0,47216.0,1.630071030175907,259.03299339999995,80.44356345,-125.10454788,214.37200897000002,463.0,偏多｜外資現貨大買,1
2024-06-17,-135.44699347,32.96866141,5.99205472,-44.78821808,-141.27449542,-38.79616336,-230.0,-6893.0,3302.0,10195.0,-16.0,12433.0,19094.0,6661.0,-337.0,-13192.0,34943.0,48135.0,8720.0,-4655.0,52939.0,44219.0,30.0,0.0,80.0,50.0,12956.0,-1240.0,42261.0,29305.0,-7013.0,307.0,79936.0,86949.0,96.0,80.0,280.0,184.0,22363.0,1191.0,70212.0,47849.0,1.6613899339816853,222.13415450999997,83.66361304,-131.47687038,174.32089717000002,-337.0,偏空｜外資現貨大賣；投信買超,-1
2024-06-18,181.1958373,30.80040427,10.65380885,-26.67969853,195.97035189,-16.02588968,-544.0,-7477.0,3289.0,10766.0,498.0,12931.0,19505.0,6574.0,254.0,-12938.0,37294.0,50232.0,6378.0,-2342.0,56327.0,49949.0,30.0,0.0,80.0,50.0,13928.0,972.0,42848.0,28920.0,-17639.0,-10626.0,81559.0,99198.0,96.0,0.0,280.0,184.0,23656.0,1293.0,72736.0,49080.0,1.6975354742345035,736.2527846099999,76.29405288000001,-37.17013732,775.3767001699999,254.0,偏多確認｜外資現貨大買；投信買超,2
2024-06-19,485.47371425,40.20564923,36.13620678,-67.46314208,494.35242818,-31.3269353,-2231.0,-7864.0,2006.0,9870.0,380.0,13338.0,19636.0,6298.0,4192.0,-11596.0,31922.0,43518.0,3838.0,888.0,21820.0,17982.0,0.0,0.0,0.0,0.0,3060.0,2384.0,14072.0,11012.0,-6075.0,-39862.0,33827.0,39902.0,-173.0,11.0,0.0,173.0,10511.0,9494.0,19276.0,8765.0,1.3698123934053439,1053.55227987,103.82567513000001,-43.84038057,1113.53757443,1342.0,偏多確認｜外資現貨大買；投信買超,2
2024-06-20,227.09515004,-7.92222751,85.75112208,7.66677301,312.59081762,93.41789509,296.0,-7520.0,2393.0,9913.0,592.0,13930.0,20104.0,6174.0,-4932.0,-16528.0,33023.0,49551.0,9298.0,5460.0,42161.0,32863.0,30.0,30.0,100.0,70.0,2564.0,-496.0,19337.0,16773.0,6117.0,12192.0,51708.0,45591.0,-173.0,0.0,0.0,173.0,13818.0,3307.0,26559.0,12741.0,1.3734808915550498,957.5937242,99.42392489,31.675309920000004,1088.69295901,-4932.0,偏空｜外資現貨大買；外資期貨淨空增；現貨買／期貨空→偏避險,-1
2024-06-21,-137.92193144,-6.7028511,0.29548398,-9.09123849,-153.42053705,-8.79575451,640.0,-7011.0,2277.0,9288.0,-707.0,13223.0,19453.0,6230.0,-1956.0,-20148.0,31601.0,51749.0,8983.0,-315.0,50553.0,41570.0,30.0,0.0,100.0,70.0,2235.0,-329.0,21732.0,19497.0,5502.0,-615.0,56640.0,51138.0,27.0,200.0,200.0,173.0,15118.0,1300.0,30121.0,15003.0,1.3860206147616418,620.39577668,89.3496363,-1.5268477600000008,708.2185652200001,-3620.0,偏空確認｜外資現貨大賣；外資期貨淨空增,-2
2024-06-24,-450.87762658,85.0883213,-19.94115018,-65.33354121,-451.06399667,-85.27469139,840.0,-6168.0,2559.0,8727.0,-241.0,12982.0,19573.0,6591.0,395.0,-21147.0,29547.0,50694.0,1393.0,-7590.0,56817.0,55424.0,30.0,0.0,100.0,70.0,3258.0,1023.0,24492.0,21234.0,23431.0,17929.0,66007.0,42576.0,27.0,0.0,200.0,173.0,11678.0,-3440.0,28499.0,16821.0,1.1636044422668625,304.96514356999995,141.46929619000002,-48.00537579,398.42906397,-999.0,偏空｜外資現貨大賣；投信買超,-1
2024-06-25,-97.05292362,32.90244208,-2.06272679,-23.67196467,-89.885173,-25.73469146,1759.0,-4457.0,3852.0,8309.0,383.0,13365.0,19950.0,6585.0,-1966.0,-23113.0,29114.0,52227.0,-6389.0,-7782.0,61055.0,67444.0,30.0,0.0,100.0,70.0,3383.0,125.0,30695.0,27312.0,41866.0,18435.0,81550.0,39684.0,27.0,0.0,200.0,173.0,11809.0,131.0,30172.0,18363.0,0.982961394363903,26.716382649999986,143.571334,-57.714177570000004,112.57353908000006,-1966.0,偏空確認｜外資現貨大賣；外資期貨淨空增；投信買超,-2
2024-06-26,-79.26811897,59.27921627,3.57346817,8.94243692,-7.47299761,12.51590509,-1351.0,-5613.0,3205.0,8818.0,735.0,14100.0,20597.0,6497.0,-1413.0,-25652.0,28735.0,54387.0,-7585.0,-6450.0,34242.0,41827.0,30.0,0.0,100.0,70.0,1624.0,270.0,24829.0,23205.0,16381.0,-23093.0,50823.0,34442.0,27.0,0.0,200.0,173.0,7944.0,-1228.0,21680.0,13736.0,0.8731724998993113,-538.0254505700001,162.64490104,-13.871337180000005,-389.25188670999995,-2539.0,偏空確認｜外資現貨大賣；外資期貨淨空增；投信買超,-2
2024-06-27,-161.31811503,28.91211481,-8.91943018,-28.52703015,-169.85246055,-37.44646033,254.0,-5255.0,3393.0,8648.0,92.0,14192.0,20693.0,6501.0,1271.0,-24402.0,28227.0,52629.0,-2242.0,5343.0,48943.0,51185.0,30.0,0.0,100.0,70.0,-10.0,-1634.0,28235.0,28245.0,19901.0,3520.0,66108.0,46207.0,27.0,0.0,200.0,173.0,7042.0,-902.0,25415.0,18373.0,0.9001239596245795,-926.4387156399999,199.47924336,-144.73569260000002,-871.69516488,1250.0,偏空｜外資現貨大賣；現貨賣／期貨多→可能回補或對沖；投信買超,-1
2024-06-28,90.77026149,-7.75325751,18.34325121,-11.12497908,90.23527611,7.21827213,-143.0,-5390.0,3835.0,9225.0,1134.0,15326.0,21735.0,6409.0,-2107.0,-26509.0,29422.0,55931.0,-4496.0,-2254.0,48068.0,52564.0,30.0,0.0,100.0,70.0,-319.0,-309.0,29474.0,29793.0,23046.0,3145.0,70142.0,47096.0,27.0,0.0,200.0,173.0,7453.0,411.0,26924.0,19471.0,0.9134830698242519,-697.7465227099999,198.42883695,-128.72166596000002,-628.0393517199999,-2107.0,偏空｜外資現貨大買；外資期貨淨空增；現貨買／期貨空→偏避險,-1
2024-07-01,-64.43882948,17.63350988,12.84318353,-8.61100573,-42.5731418,4.2321778,-482.0,-5815.0,3660.0,9475.0,759.0,16085.0,22494.0,6409.0,594.0,-25944.0,30864.0,56808.0,1474.0,5970.0,55603.0,54129.0,30.0,0.0,100.0,70.0,-1323.0,-1004.0,31079.0,32402.0,23427.0,381.0,75580.0,52153.0,27.0,0.0,200.0,173.0,8051.0,598.0,27772.0,19721.0,0.8935937449724894,-311.3077256099999,130.97402553,-39.21479677000002,-219.54849684999994,565.0,偏空｜外資現貨大賣,-1
2024-07-02,-242.42594483,47.55228778,-19.42067077,-80.43706995,-294.73139777,-99.85774072,-248.0,-6104.0,3855.0,9959.0,36.0,16121.0,22652.0,6531.0,990.0,-24975.0,30164.0,55139.0,4401.0,2927.0,58949.0,54548.0,30.0,0.0,100.0,70.0,-4051.0,-2728.0,31046.0,35097.0,27259.0,3832.0,83698.0,56439.0,27.0,0.0,200.0,173.0,6814.0,-1237.0,27379.0,20565.0,0.8818849449204407,-456.6807468199999,145.62387123,-113.33784603000001,-424.3947216199999,969.0,偏空｜外資現貨大賣；投信買超,-1
2024-07-03,94.2377765,76.44364932,29.71651383,-2.13876965,198.25917,27.57774418,-1007.0,-7109.0,3905.0,11014.0,1644.0,17765.0,24097.0,6332.0,-485.0,-25460.0,29317.0,54777.0,-7483.0,-1696.0,34968.0,42451.0,30.0,0.0,100.0,70.0,-3461.0,1531.0,27463.0,30924.0,17843.0,-20229.0,53468.0,35625.0,27.0,0.0,200.0,173.0,6604.0,156.0,22328.0,15724.0,0.8130211557368096,-283.1748513499999,162.78830427999998,-98.27600694000003,-218.66255400999992,-485.0,偏多確認｜外資現貨大買；投信買超；選擇權 PCR 偏低≤0.88（≈P20）,2
2024-07-04,363.34201075,40.69640277,-4.83838355,14.75800016,413.95803013,9.91961661,-630.0,-7745.0,3797.0,11542.0,924.0,18689.0,24702.0,6013.0,-1121.0,-25626.0,29853.0,55479.0,3927.0,11410.0,51029.0,47102.0,30.0,0.0,100.0,70.0,-347.0,3114.0,36201.0,36548.0,20467.0,2624.0,64705.0,44238.0,27.0,0.0,200.0,173.0,7873.0,1269.0,30026.0,22153.0,0.8294246015303445,241.48527443000006,174.57259224,-50.90993000000002,365.14793667000004,-166.0,偏多確認｜外資現貨大買；投信買超；選擇權 PCR 偏低≤0.88（≈P20）,2
2024-07-05,-55.35089168,12.75448989,8.86397645,-54.72295445,-88.45537979,-45.858978,1025.0,-6730.0,4195.0,10925.0,470.0,19159.0,25173.0,6014.0,-2872.0,-28498.0,27560.0,56058.0,-4145.0,-8072.0,49098.0,53243.0,30.0,0.0,100.0,70.0,346.0,693.0,38872.0,38526.0,22228.0,1761.0,68275.0,46047.0,27.0,0.0,200.0,173.0,9276.0,1403.0,32675.0,23399.0,0.8405793373122041,95.36412126000008,195.08033964,-103.98718013000001,186.45728077000007,-2872.0,偏空確認｜外資現貨大賣；外資期貨淨空增；選擇權 PCR 偏低≤0.88（≈P20）,-2
2024-07-08,-82.20732155,14.4010959,-17.05825931,-55.85816401,-140.72264897,-72.91642332,-79.0,-6806.0,4936.0,11742.0,704.0,19863.0,25670.0,5807.0,-218.0,-29432.0,28109.0,57541.0,-1035.0,3110.0,55190.0,56225.0,30.0,0.0,100.0,70.0,6681.0,6335.0,47075.0,40394.0,11994.0,-10234.0,71214.0,59220.0,27.0,0.0,200.0,173.0,10590.0,1314.0,36299.0,25709.0,0.7710886882634095,77.59562919000007,191.84792566000002,-181.13578125000004,88.30777360000005,-934.0,偏空｜外資現貨大賣；選擇權 PCR 偏低≤0.88（≈P20）,-1
2024-07-09,-157.17998958,48.84931142,-16.45176717,-69.3077655,-194.09021083,-85.75953267,1406.0,-5494.0,6255.0,11749.0,1567.0,21430.0,27226.0,5796.0,-5353.0,-34785.0,24335.0,59120.0,-6393.0,-5358.0,60891.0,67284.0,30.0,0.0,100.0,70.0,5639.0,-1042.0,47248.0,41609.0,17776.0,5782.0,78125.0,60349.0,27.0,0.0,200.0,173.0,13145.0,2555.0,40582.0,27437.0,0.8589146630545208,162.84158444000005,193.1449493,-167.03757320000003,188.9489605400001,-5353.0,偏空確認｜外資現貨大賣；外資期貨淨空增；投信買超,-2
2024-07-10,-108.46775163,31.77463398,3.2637135,-7.40722323,-80.83662738,-4.14350973,-1450.0,-6889.0,5306.0,12195.0,537.0,21967.0,27760.0,5793.0,1724.0,-33628.0,24821.0,58449.0,-8984.0,1292.0,35342.0,44326.0,30.0,0.0,100.0,70.0,-248.0,3669.0,37315.0,37563.0,7804.0,-9501.0,50151.0,42347.0,27.0,0.0,200.0,173.0,12955.0,-443.0,36444.0,23489.0,0.976658180356425,-39.86394368999994,148.47593396,-198.75882711000003,-90.14683683999998,1157.0,偏空｜外資現貨大賣；現貨賣／期貨多→可能回補或對沖；投信買超,-1
2024-07-11,32.14698848,15.15929906,-8.25334911,-15.55170145,23.50123698,-23.80505056,-88.0,-7055.0,4590.0,11645.0,714.0,22681.0,28304.0,5623.0,-1621.0,-35249.0,23678.0,58927.0,3660.0,12644.0,52308.0,48648.0,30.0,0.0,100.0,70.0,2756.0,3004.0,42921.0,40165.0,11319.0,3515.0,64003.0,52684.0,27.0,0.0,200.0,173.0,12588.0,-367.0,41598.0,29010.0,0.9691759278674774,-371.0589659599999,122.93883025000001,-232.48349428,-480.60362999,-1621.0,偏空確認｜外資期貨淨空增；現貨買／期貨空→偏避險,-2
2024-07-12,-416.5557811,67.40058678,-19.98259473,-130.23120899,-499.36899804,-150.21380372,2031.0,-4984.0,6937.0,11921.0,209.0,22890.0,28809.0,5919.0,-3583.0,-40329.0,24467.0,64796.0,-250.0,-3910.0,59442.0,59692.0,30.0,0.0,100.0,70.0,3354.0,598.0,45525.0,42171.0,27197.0,15878.0,78989.0,51792.0,27.0,0.0,200.0,173.0,13743.0,1155.0,46335.0,32592.0,1.0177924217462933,-732.2638553799999,177.58492714,-336.83832,-891.5172482400001,-5080.0,偏空確認｜外資現貨大賣；外資期貨淨空增；投信買超,-2
2024-07-15,-131.59058396,50.00282264,-29.33946394,-76.8292745,-187.75649976,-106.16873844,-821.0,-5825.0,5911.0,11736.0,-2095.0,20795.0,26713.0,5918.0,4111.0,-36218.0,24346.0,60564.0,1802.0,2052.0,64535.0,62733.0,30.0,0.0,100.0,70.0,4439.0,1085.0,46552.0,42113.0,25953.0,-1244.0,82473.0,56520.0,27.0,0.0,200.0,173.0,13934.0,191.0,46685.0,32751.0,1.0028570201065474,-781.6471177899999,213.18665388,-370.09063512,-938.5510990299999,4111.0,偏多｜外資現貨大賣；外資期貨淨多增；現貨賣／期貨多→可能回補或對沖,1
2024-07-16,-52.7815347,77.77900027,-22.12057834,-76.768969,-73.89208177,-98.88954734,-179.0,-6029.0,6002.0,12031.0,421.0,21216.0,27054.0,5838.0,-932.0,-37134.0,24334.0,61468.0,7148.0,5346.0,64670.0,57522.0,30.0,0.0,100.0,70.0,7507.0,3068.0,50578.0,43071.0,21317.0,-4636.0,85946.0,64629.0,27.0,0.0,200.0,173.0,16461.0,2527.0,48683.0,32222.0,0.9625331171655661,-677.2486629099998,242.11634273,-383.22064979000004,-818.35296997,-916.0,偏空｜外資現貨大賣；投信買超,-1
2024-07-17,-303.81611855,41.22093088,-40.32273005,-111.87505155,-414.79296927,-152.1977816,3304.0,-1874.0,5769.0,7643.0,-313.0,20903.0,26862.0,5959.0,-4636.0,-34842.0,18890.0,53732.0,2764.0,-24181.0,28407.0,25643.0,0.0,0.0,0.0,0.0,1254.0,753.0,13768.0,12514.0,18135.0,10424.0,42990.0,24855.0,-149.0,24.0,0.0,149.0,10772.0,2029.0,23108.0,12336.0,1.6783846600813481,-872.5970298299999,251.56263963,-531.27492166,-1152.30931186,2292.0,偏多｜外資現貨大賣；外資期貨淨多增；現貨賣／期貨多→可能回補或對沖,1
2024-07-18,-533.51796061,91.95616719,-10.85976485,-74.86516638,-527.28672465,-85.72493123,460.0,-1427.0,7618.0,9045.0,615.0,21518.0,27606.0,6088.0,-6024.0,-43033.0,18237.0,61270.0,4421.0,1657.0,44304.0,39883.0,0.0,0.0,0.0,0.0,909.0,-345.0,18286.0,17377.0,29634.0,11499.0,59959.0,30325.0,-149.0,0.0,0.0,149.0,14381.0,3609.0,31818.0,17437.0,1.7400196871923876,-1438.2619789199998,328.35950776,-593.19480233,-1703.0972734900001,-8191.0,偏空確認｜外資現貨大賣；外資期貨淨空增；投信買超,-2
2024-07-19,-643.58158801,69.67445025,-18.26967073,-141.23123708,-733.40804557,-159.50090781,207.0,-1153.0,8015.0,9168.0,62.0,21580.0,27901.0,6321.0,5796.0,-37237.0,18832.0,56069.0,4108.0,-313.0,50039.0,45931.0,0.0,0.0,0.0,0.0,-1311.0,-2220.0,20250.0,21561.0,30308.0,674.0,68119.0,37811.0,-149.0,0.0,0.0,149.0,15476.0,1095.0,33830.0,18354.0,1.6706172839506173,-1665.2877858299998,330.63337123,-602.48190642,-1937.1363210200002,5796.0,偏多｜外資現貨大賣；外資期貨淨多增；現貨賣／期貨多→可能回補或對沖,1
2024-07-22,-77.53786811,90.64131339,39.27220251,-104.7073115,-52.33166371,-65.43510899,383.0,-750.0,10425.0,11175.0,117.0,21697.0,28235.0,6538.0,-3002.0,-40239.0,17956.0,58195.0,-1563.0,-5671.0,66494.0,68057.0,0.0,0.0,0.0,0.0,-4093.0,-2782.0,24473.0,28566.0,35135.0,4827.0,74730.0,39595.0,-149.0,0.0,0.0,149.0,20648.0,5172.0,42037.0,21389.0,1.7176888816246476,-1611.23506998,371.27186198,-561.74827697,-1801.7114849700001,-3002.0,偏空確認｜外資現貨大賣；外資期貨淨空增；投信買超,-2
2024-07-23,128.77482763,83.54537072,-12.91821445,-52.09623211,147.30575179,-65.01444656,-1569.0,-2342.0,8027.0,10369.0,773.0,22470.0,28590.0,6120.0,5874.0,-32825.0,20659.0,53484.0,5897.0,7460.0,74887.0,68990.0,50.0,50.0,100.0,50.0,4670.0,8763.0,31258.0,26588.0,23588.0,-11547.0,75068.0,51480.0,-149.0,0.0,0.0,149.0,19252.0,-1396.0,41557.0,22305.0,1.3294836521850406,-1429.67870765,377.03823243,-527.87317619,-1580.51365141,7414.0,偏多確認｜外資現貨大買；外資期貨淨多增；投信買超,2
2024-07-26,-844.1758829,89.78283573,-60.09717024,-148.756955,-963.24717241,-208.85412524,872.0,-1441.0,8964.0,10405.0,382.0,22852.0,29366.0,6514.0,-4586.0,-37411.0,18517.0,55928.0,-20254.0,-42637.0,28764.0,49018.0,50.0,0.0,100.0,50.0,-2539.0,5750.0,23856.0,26395.0,19841.0,2379.0,51105.0,31264.0,-149.0,0.0,0.0,149.0,14753.0,835.0,32581.0,17828.0,1.3657360831656606,-1970.0384720000002,425.60013728,-584.52951983,-2128.96785455,-4586.0,偏空確認｜外資現貨大賣；外資期貨淨空增；投信買超,-2
2024-07-29,-6.76497998,66.35007006,-48.87170365,-92.28596677,-81.57258034,-141.15767042,-608.0,-2047.0,8386.0,10433.0,-58.0,22794.0,29165.0,6371.0,1072.0,-36297.0,18143.0,54440.0,344.0,20598.0,51912.0,51568.0,50.0,0.0,100.0,50.0,1574.0,4113.0,31040.0,29466.0,18115.0,-1726.0,61207.0,43092.0,-149.0,0.0,0.0,149.0,13921.0,-832.0,35264.0,21343.0,1.136082474226804,-1443.28549137,399.99404015,-639.9622590199999,-1683.2537102400001,1114.0,偏多｜現貨賣／期貨多→可能回補或對沖；投信買超,1
2024-07-30,-236.0783467,94.31852735,-5.65890169,-69.84145575,-217.26017679,-75.50035744,44.0,-2051.0,8737.0,10788.0,142.0,22936.0,29249.0,6313.0,-2736.0,-39033.0,18307.0,57340.0,-9421.0,-9765.0,52715.0,62136.0,-100.0,-150.0,100.0,200.0,1107.0,-467.0,33667.0,32560.0,24562.0,6447.0,65784.0,41222.0,-149.0,0.0,0.0,149.0,14217.0,296.0,35794.0,21577.0,1.0631775923010662,-1035.7822500599998,424.63811725,-555.96170865,-1167.1058414600002,-2736.0,偏空確認｜外資現貨大賣；外資期貨淨空增；投信買超,-2
2024-07-31,-164.57608465,63.47901299,-12.62580518,-44.31893517,-158.04181201,-56.94474035,-588.0,-2699.0,7614.0,10313.0,13.0,22949.0,29258.0,6309.0,1904.0,-37129.0,19315.0,56444.0,-10211.0,-5360.0,32956.0,43167.0,-100.0,0.0,100.0,200.0,-1190.0,689.0,26416.0,27606.0,24312.0,-13184.0,54206.0,29894.0,-112.0,37.0,0.0,112.0,8964.0,-5301.0,29931.0,20967.0,1.1330632949727437,-1122.8204666,397.47581685,-547.47134001,-1272.81598976,1904.0,偏多｜外資現貨大賣；外資期貨淨多增；現貨賣／期貨多→可能回補或對沖,1
2024-08-01,182.3366128,76.28384271,-9.09994494,-44.61504475,204.90546582,-53.71498969,358.0,-2508.0,7351.0,9859.0,1787.0,24736.0,30787.0,6051.0,-4425.0,-41342.0,19247.0,60589.0,-837.0,9374.0,48124.0,48961.0,-100.0,0.0,100.0,200.0,2202.0,3392.0,31870.0,29668.0,27502.0,3190.0,64032.0,36530.0,-112.0,0.0,0.0,112.0,8639.0,-325.0,32979.0,24340.0,1.0347976153122058,-1069.2586814299998,390.21428884,-536.17188314,-1215.21627573,-4213.0,中性／雜訊｜外資現貨大買；外資期貨淨空增；現貨買／期貨空→偏避險,0
2024-08-02,-944.30564975,112.69914004,-121.79311805,-258.34936302,-1211.74899078,-380.14248107,2531.0,-128.0,9234.0,9362.0,-820.0,23916.0,30550.0,6634.0,-998.0,-45100.0,18688.0,63788.0,-8815.0,-7978.0,58456.0,67271.0,-100.0,0.0,100.0,200.0,907.0,-1295.0,34472.0,33565.0,24961.0,-2541.0,67329.0,42368.0,-112.0,0.0,0.0,112.0,12990.0,4351.0,36705.0,23715.0,1.0647772104896729,-1169.38844828,413.13059315,-707.46023897,-1463.7180941000001,-3758.0,偏空確認｜外資現貨大賣；外資期貨淨空增；投信買超,-2
2024-08-05,-687.74621949,178.1009784,-183.01545664,-342.13685142,-1034.79754915,-525.15230806,2083.0,1667.0,8385.0,6718.0,-617.0,23299.0,31151.0,7852.0,4015.0,-39446.0,18818.0,58264.0,-22548.0,-13733.0,69325.0,91873.0,-100.0,0.0,100.0,200.0,-371.0,-1278.0,35318.0,35689.0,14842.0,-10119.0,69727.0,54885.0,-112.0,0.0,0.0,112.0,14075.0,1080.0,38998.0,24923.0,1.1041961605979953,-1850.3696877900002,524.88150149,-1091.45487661,-2416.9430629099998,5654.0,偏多｜外資現貨大賣；外資期貨淨多增；現貨賣／期貨多→可能回補或對沖,1
2024-08-06,247.71772421,139.37511396,-29.27834317,-87.85272219,269.96177281,-117.13106536,-3085.0,-1138.0,7438.0,8576.0,1941.0,25240.0,33294.0,8054.0,2379.0,-35525.0,21454.0,56979.0,-23842.0,-1294.0,73771.0,97613.0,-100.0,0.0,100.0,200.0,-2337.0,-1966.0,35744.0,38081.0,20412.0,5570.0,78450.0,58038.0,-112.0,0.0,0.0,112.0,12571.0,-1504.0,40889.0,28318.0,1.14394024171889,-1366.57361688,569.9380881,-1133.08558453,-1929.72111331,3921.0,偏多確認｜外資現貨大買；外資期貨淨多增；投信買超,2
2024-08-07,-77.95805122,103.99938759,4.02294034,-23.5742413,6.49003541,-19.55130096,-1169.0,-2331.0,5879.0,8210.0,1599.0,26839.0,34251.0,7412.0,1189.0,-31932.0,24475.0,56407.0,-11801.0,-3707.0,42331.0,54132.0,-100.0,0.0,100.0,200.0,-4715.0,551.0,27686.0,32401.0,5194.0,-33572.0,50775.0,45581.0,-112.0,0.0,0.0,112.0,10886.0,-307.0,32396.0,21510.0,1.1701220833634327,-1279.95558345,610.4584626999999,-1095.6921451399999,-1765.1892658900001,3593.0,偏多｜外資現貨大賣；外資期貨淨多增；現貨賣／期貨多→可能回補或對沖,1
2024-08-08,-452.09351236,70.96035814,-21.20589123,-89.33216881,-491.67121426,-110.53806004,886.0,-1344.0,6174.0,7518.0,-131.0,26708.0,34459.0,7751.0,148.0,-31809.0,24700.0,56509.0,-10522.0,1279.0,53316.0,63838.0,-80.0,20.0,170.0,250.0,-5858.0,-1143.0,29547.0,35405.0,11177.0,5983.0,56543.0,45366.0,-112.0,0.0,0.0,112.0,11116.0,230.0,34221.0,23105.0,1.1581886485937658,-1914.38570861,605.1349781299999,-1152.51521549,-2461.76594597,123.0,偏空｜外資現貨大賣；投信買超,-1
2024-08-09,254.61193494,50.39369048,-68.9931708,-44.00048521,192.01196941,-112.99365601,-867.0,-2139.0,6125.0,8264.0,1266.0,27974.0,35696.0,7722.0,-197.0,-32006.0,25921.0,57927.0,32.0,10554.0,64607.0,64575.0,-80.0,0.0,170.0,250.0,-8969.0,-3111.0,28391.0,37360.0,1204.0,-9973.0,57196.0,55992.0,-112.0,0.0,0.0,112.0,10869.0,-247.0,35853.0,24984.0,1.2628297699975344,-715.4681239199999,542.82952857,-885.36639043,-1058.00498578,-197.0,偏多確認｜外資現貨大買；投信買超,2
2024-08-12,187.66263858,81.45578405,-29.21605888,-54.8147979,185.08756585,-84.03085678,60.0,-1761.0,6097.0,7858.0,31.0,28006.0,36161.0,8155.0,-2706.0,-34712.0,23616.0,58328.0,4198.0,4166.0,67807.0,63609.0,-80.0,0.0,170.0,250.0,-8376.0,593.0,29803.0,38179.0,-5738.0,-6942.0,60866.0,66604.0,-112.0,0.0,0.0,112.0,11284.0,415.0,36911.0,25627.0,1.238499479918129,159.94073415000014,446.18433422,-444.24493915,161.88012921999982,-2706.0,中性／雜訊｜外資現貨大買；外資期貨淨空增；現貨買／期貨空→偏避險,0
2024-08-13,-45.51149919,53.11075574,-11.17097979,-27.62555217,-31.19727541,-38.79653196,-846.0,-2468.0,5782.0,8250.0,442.0,28448.0,36123.0,7675.0,-1168.0,-35894.0,23221.0,59115.0,1357.0,-2841.0,67392.0,66035.0,-80.0,0.0,170.0,250.0,-8651.0,-275.0,30000.0,38651.0,-17133.0,-11395.0,64825.0,81958.0,-112.0,0.0,0.0,112.0,10831.0,-453.0,36647.0,25816.0,1.2215666666666667,-133.28848924999986,359.91997599999996,-365.91040575,-139.2789190000002,-1182.0,偏多｜投信買超,1
2024-08-14,248.81513902,49.00303255,-33.4244465,-40.62096523,223.77275984,-74.04541173,157.0,-2317.0,7025.0,9342.0,2.0,28450.0,36725.0,8275.0,2721.0,-33209.0,25718.0,58927.0,-4426.0,-11628.0,48218.0,52644.0,-80.0,0.0,170.0,250.0,-8681.0,726.0,28020.0,36701.0,-13667.0,-18598.0,43713.0,57380.0,-112.0,0.0,0.0,112.0,10982.0,275.0,34653.0,23671.0,1.2367237687366166,193.48470099000014,304.92362096,-420.40451652,78.0038054299998,2685.0,偏多確認｜外資現貨大買；外資期貨淨多增；投信買超,2
2024-08-15,-6.91636459,-19.94277117,-6.58690011,-69.03928162,-102.48531749,-75.62618173,800.0,-1264.0,7157.0,8421.0,-1530.0,26920.0,35495.0,8575.0,57.0,-33152.0,26406.0,59558.0,-3697.0,729.0,50018.0,53715.0,-80.0,0.0,170.0,250.0,-9416.0,-735.0,28964.0,38380.0,-13052.0,615.0,50967.0,64019.0,-112.0,0.0,0.0,112.0,9787.0,-1195.0,35715.0,25928.0,1.2330824471758044,638.6618487600002,214.02049165,-385.49263821,467.1897021999998,57.0,中性／雜訊,0
2024-08-16,453.40297474,56.13986774,19.63490756,7.91624799,537.09399803,27.55115555,-1167.0,-1794.0,6465.0,8259.0,555.0,27475.0,35337.0,7862.0,-1800.0,-34952.0,26696.0,61648.0,-3537.0,160.0,52846.0,56383.0,-80.0,0.0,170.0,250.0,-5186.0,4230.0,31783.0,36969.0,-16012.0,-2960.0,53496.0,69508.0,-112.0,0.0,0.0,112.0,8154.0,-1633.0,35919.0,27765.0,1.1301324607494572,837.45288856,219.76666891000002,-244.94782665000002,812.2717308199998,-1800.0,中性／雜訊｜外資現貨大買；外資期貨淨空增；現貨買／期貨空→偏避險,0
2024-08-19,-32.75443345,33.189591,-60.12446262,-35.50863828,-95.19794335,-95.6331009,727.0,-797.0,7669.0,8466.0,97.0,27572.0,35132.0,7560.0,297.0,-34655.0,27959.0,62614.0,-480.0,3057.0,56227.0,56707.0,-80.0,0.0,170.0,250.0,-2914.0,2272.0,33725.0,36639.0,-18502.0,-2490.0,59096.0,77598.0,0.0,112.0,0.0,0.0,12206.0,4052.0,40908.0,28702.0,1.2129873980726464,617.03581653,171.50047586,-256.55007077,531.9862216199997,297.0,偏多｜投信買超,1
2024-08-20,47.57246052,22.63010017,-36.0865351,-48.13961775,-14.02359216,-84.22615285,423.0,-176.0,6572.0,6748.0,-123.0,27449.0,35378.0,7929.0,-983.0,-35638.0,26344.0,61982.0,-8995.0,-8515.0,53668.0,62663.0,-80.0,0.0,170.0,250.0,-4548.0,-1634.0,34723.0,39271.0,-18268.0,234.0,61765.0,80033.0,0.0,0.0,0.0,0.0,12149.0,-57.0,41161.0,29012.0,1.1854102468104715,710.1197762400002,141.01982028999998,-301.97969165999996,549.1599048699998,-983.0,偏多｜投信買超,1
2024-08-21,-50.21767692,4.49044046,-83.79632564,-81.29452703,-210.81808913,-165.09085267,1153.0,-1372.0,4825.0,6197.0,-913.0,26536.0,35021.0,8485.0,-2278.0,-37001.0,19282.0,56283.0,-3435.0,-21820.0,28078.0,31513.0,0.0,0.0,0.0,0.0,-4128.0,-450.0,9602.0,13730.0,-2136.0,-7157.0,35055.0,37191.0,0.0,0.0,0.0,0.0,10591.0,4965.0,20686.0,10095.0,2.154342845240575,411.0869603000001,96.5072282,-393.0251326,114.5690558999998,-1363.0,偏空｜外資現貨大賣；選擇權 PCR 偏高≥1.85（≈P80）,-1
2024-08-22,-68.89484161,15.32576649,-0.790434,-28.92343142,-83.28294054,-29.71386542,604.0,-780.0,5217.0,5997.0,-440.0,26096.0,35053.0,8957.0,3912.0,-33090.0,21587.0,54677.0,-951.0,2484.0,38737.0,39688.0,-60.0,-60.0,0.0,60.0,-3260.0,868.0,13406.0,16666.0,-2842.0,-706.0,42825.0,45667.0,80.0,80.0,80.0,0.0,10525.0,-66.0,24664.0,14139.0,1.8397732358645382,349.1084832800001,131.77576586,-347.11281629,133.7714328499998,3911.0,中性／雜訊｜外資現貨大賣；外資期貨淨多增；現貨賣／期貨多→可能回補或對沖,0
2024-08-23,-19.50815102,30.78861857,10.92927045,-6.96309268,15.24664532,3.96617777,1097.0,382.0,6271.0,5889.0,107.0,26203.0,35062.0,8859.0,-1770.0,-34860.0,19671.0,54531.0,-6271.0,-5320.0,40251.0,46522.0,-60.0,0.0,0.0,60.0,-3073.0,187.0,15577.0,18650.0,1610.0,4452.0,46756.0,45146.0,80.0,0.0,80.0,0.0,9913.0,-612.0,25676.0,15763.0,1.648327662579444,-123.80264247999989,106.42451668999999,-370.69779407,-388.07591986000017,-1770.0,偏空｜外資期貨淨空增；投信買超,-1
2024-08-26,-51.50399141,30.0769702,-13.98800559,-15.30701947,-50.72204627,-29.29502506,-382.0,18.0,6034.0,6016.0,589.0,26792.0,35940.0,9148.0,-1380.0,-36989.0,20892.0,57881.0,1886.0,8157.0,47523.0,45637.0,-146.0,-86.0,40.0,186.0,-1786.0,1287.0,18349.0,20135.0,-3320.0,-4930.0,46907.0,50227.0,80.0,0.0,80.0,0.0,9836.0,-77.0,27908.0,18072.0,1.5209548204261814,-142.5522004399999,103.31189588999999,-304.35971823,-343.6000227800002,-2129.0,偏空確認｜外資現貨大賣；外資期貨淨空增；投信買超,-2
2024-08-27,-127.96353515,48.21148535,-5.6602974,-8.07533543,-93.48768263,-13.73563283,920.0,928.0,6771.0,5843.0,-513.0,26279.0,34902.0,8623.0,-513.0,-37502.0,19479.0,56981.0,-3899.0,-5785.0,46469.0,50368.0,-146.0,0.0,40.0,186.0,-4032.0,-2246.0,18911.0,22943.0,1927.0,5247.0,52558.0,50631.0,80.0,0.0,80.0,0.0,9698.0,-138.0,29130.0,19432.0,1.5403733276928773,-318.0881961099999,128.89328107,-233.86919821,-423.06411325000016,-513.0,偏空｜外資現貨大賣；投信買超,-1
2024-08-28,-115.46280695,24.9302342,2.80516733,-2.23619106,-89.96359648,0.56897627,-907.0,-73.0,5814.0,5887.0,616.0,26895.0,35315.0,8420.0,249.0,-37243.0,19696.0,56939.0,-3927.0,-5128.0,30839.0,34766.0,-146.0,0.0,40.0,186.0,-4929.0,1604.0,15338.0,20267.0,-8108.0,-12995.0,33066.0,41174.0,80.0,0.0,80.0,0.0,10205.0,569.0,26564.0,16359.0,1.7319076802712219,-383.3333261399998,149.33307481,-68.20936927000001,-302.2096206000002,259.0,偏空｜外資現貨大賣；投信買超,-1
2024-08-29,-241.42596279,30.31633413,-8.87855957,-24.31074626,-244.29893449,-33.18930583,210.0,128.0,6254.0,6126.0,-1179.0,25716.0,33940.0,8224.0,272.0,-36971.0,18526.0,55497.0,-3503.0,424.0,43334.0,46837.0,-106.0,40.0,40.0,146.0,-5274.0,-345.0,19747.0,25021.0,269.0,8377.0,42356.0,42087.0,80.0,0.0,80.0,0.0,6779.0,-3426.0,27625.0,20846.0,1.3989466754443713,-555.86444732,164.32364245,-71.68480968,-463.22561455000016,272.0,偏空｜外資現貨大賣；投信買超,-1
2024-08-30,-47.39463391,40.28453793,6.54845201,5.14623748,4.58459351,11.69468949,-835.0,-686.0,5504.0,6190.0,85.0,25801.0,33911.0,8110.0,-2583.0,-39554.0,19235.0,58789.0,-4544.0,-1041.0,43996.0,48540.0,-106.0,0.0,40.0,146.0,-4823.0,451.0,21171.0,25994.0,1992.0,1723.0,47267.0,45275.0,80.0,0.0,80.0,0.0,6059.0,-720.0,28205.0,22146.0,1.332246941571017,-583.7509302099999,173.81956181,-63.95629796,-473.8876663600002,-2583.0,偏空｜外資期貨淨空增；投信買超,-1
2024-09-02,-127.98199913,50.98007456,-4.96188264,-63.71693225,-145.68073946,-68.67881489,752.0,100.0,6149.0,6049.0,-654.0,25147.0,33326.0,8179.0,-141.0,-40452.0,20011.0,60463.0,-6575.0,-2031.0,50910.0,57485.0,-116.0,-10.0,80.0,196.0,-6110.0,-1287.0,21730.0,27840.0,1883.0,-109.0,50863.0,48980.0,80.0,0.0,80.0,0.0,4454.0,-1605.0,28834.0,24380.0,1.3269213069489185,-660.2289379299998,194.72266617,-103.34008779,-568.8463595500002,-898.0,偏空｜外資現貨大賣；投信買超,-1
2024-09-03,-59.71663488,57.97650744,-8.02625881,-51.23310142,-60.99948767,-59.25936023,187.0,340.0,6111.0,5771.0,-1068.0,24079.0,32023.0,7944.0,3209.0,-37243.0,20736.0,57979.0,-10566.0,-3991.0,51281.0,61847.0,-116.0,0.0,80.0,196.0,-7618.0,-1508.0,21582.0,29200.0,-4205.0,-6088.0,50311.0,54516.0,80.0,0.0,80.0,0.0,2540.0,-1914.0,26796.0,24256.0,1.2415902140672783,-591.9820376599998,204.48768826,-148.86381519,-536.3581645900002,3209.0,偏多｜外資現貨大賣；外資期貨淨多增；現貨賣／期貨多→可能回補或對沖,1
2024-09-04,-1007.51844312,114.8330037,-115.45041229,-224.28469408,-1232.42054579,-339.73510637,1017.0,1203.0,5874.0,4671.0,-1653.0,22426.0,31222.0,8796.0,6228.0,-30917.0,18873.0,49790.0,-6341.0,-25511.0,36093.0,42434.0,-26.0,90.0,80.0,106.0,-14120.0,-2998.0,14562.0,28682.0,-7360.0,-9901.0,34312.0,41672.0,20.0,-60.0,20.0,0.0,3346.0,1736.0,24639.0,21293.0,1.6920065925010301,-1484.03767383,294.39045776,-489.16789783,-1678.8151139000001,6326.0,偏多｜外資現貨大賣；外資期貨淨多增；現貨賣／期貨多→可能回補或對沖,1
2024-09-05,-257.13841993,67.04098046,-54.57087085,-94.89164073,-339.55995105,-149.46251158,-922.0,-29.0,4244.0,4273.0,54.0,22480.0,31225.0,8745.0,3847.0,-25669.0,21179.0,46848.0,9233.0,15574.0,53193.0,43960.0,-126.0,-100.0,80.0,206.0,-13033.0,1087.0,18120.0,31153.0,-15981.0,-8621.0,40776.0,56757.0,20.0,0.0,20.0,0.0,3055.0,-291.0,26898.0,23843.0,1.4844370860927152,-1499.7501309699999,331.11510409000005,-605.4411035799999,-1774.0761304600005,5248.0,偏多｜外資現貨大賣；外資期貨淨多增；現貨賣／期貨多→可能回補或對沖,1
2024-09-06,11.95974712,58.96193672,-20.25415925,-54.40122719,-3.7337026,-74.65538644,-157.0,-295.0,4474.0,4769.0,661.0,23141.0,32025.0,8884.0,-3017.0,-27531.0,19885.0,47416.0,9236.0,3.0,53558.0,44322.0,-126.0,0.0,80.0,206.0,-11141.0,1892.0,19018.0,30159.0,-17964.0,-1983.0,43883.0,61847.0,20.0,0.0,20.0,0.0,4661.0,1606.0,28816.0,24155.0,1.5151961299821222,-1440.3957499399999,349.79250288,-691.7911795099999,-1782.3944265700002,-1862.0,偏空｜外資期貨淨空增；現貨買／期貨空→偏避險；投信買超,-1
2024-09-09,-501.23264824,85.65591594,-14.16412853,-101.99242139,-531.73328222,-116.15654992,1492.0,1168.0,5568.0,4400.0,164.0,23305.0,32120.0,8815.0,-508.0,-28097.0,18504.0,46601.0,9708.0,472.0,60558.0,50850.0,-86.0,40.0,80.0,166.0,-12200.0,-1059.0,19577.0,31777.0,-10870.0,7094.0,49664.0,60534.0,20.0,0.0,20.0,0.0,4562.0,-99.0,30195.0,25633.0,1.5423711498186647,-1813.64639905,384.46834426,-739.26891454,-2168.4469693300002,-566.0,偏空｜外資現貨大賣；投信買超,-1
2024-09-10,-270.12102327,24.06102718,-10.0218709,-65.41813484,-321.50000183,-75.44000574,-772.0,431.0,5799.0,5368.0,695.0,24000.0,32506.0,8506.0,1191.0,-26965.0,17832.0,44797.0,11992.0,2284.0,63362.0,51370.0,-86.0,0.0,80.0,166.0,-10070.0,2130.0,21379.0,31449.0,-15721.0,-4851.0,51394.0,67115.0,20.0,0.0,20.0,0.0,5120.0,558.0,31299.0,26179.0,1.4640067355816455,-2024.0507874399998,350.552864,-755.44956005,-2428.94748349,1132.0,偏空｜外資現貨大賣；現貨賣／期貨多→可能回補或對沖；投信買超,-1
2024-09-11,-85.14879212,68.49871811,9.56503674,-56.58090654,-63.66594381,-47.0158698,-1.0,422.0,6042.0,5620.0,354.0,24354.0,32713.0,8359.0,-625.0,-27727.0,17981.0,45708.0,-1463.0,-16575.0,39718.0,41181.0,-86.0,0.0,80.0,166.0,-11590.0,2134.0,16950.0,28540.0,-15205.0,-17737.0,34299.0,49504.0,20.0,0.0,20.0,0.0,5235.0,780.0,28298.0,23063.0,1.6694985250737464,-1101.68113644,304.21857840999996,-462.73032348000004,-1260.1928815100002,-762.0,偏空｜外資現貨大賣；投信買超,-1
2024-09-12,363.72607548,38.56529176,41.26394992,38.00271294,481.5580301,79.26666286,121.0,559.0,6065.0,5506.0,252.0,24606.0,32785.0,8179.0,-2785.0,-30370.0,21256.0,51626.0,471.0,1934.0,46969.0,46498.0,-86.0,0.0,80.0,166.0,-9740.0,1850.0,21927.0,31667.0,-13656.0,1549.0,42929.0,56585.0,20.0,0.0,20.0,0.0,4816.0,-419.0,29746.0,24930.0,1.356592329091987,-480.81664102999986,275.74288971,-234.00114904,-439.0749003600002,-2643.0,中性／雜訊｜外資現貨大買；外資期貨淨空增；現貨買／期貨空→偏避險,0
2024-09-13,29.44555598,36.49826444,1.07473083,-32.33165056,34.68690069,-31.25691973,448.0,1018.0,6421.0,5403.0,91.0,24697.0,32814.0,8117.0,-1437.0,-31780.0,23199.0,54979.0,-990.0,-1461.0,49398.0,50388.0,-86.0,0.0,80.0,166.0,-6455.0,3285.0,25941.0,32396.0,-11766.0,1890.0,47477.0,59243.0,20.0,0.0,20.0,0.0,6945.0,2129.0,32587.0,25642.0,1.2561967541729309,-463.3308321699999,253.27921743,-190.60268233,-400.65429707000015,-1410.0,中性／雜訊｜現貨買／期貨空→偏避險；投信買超,0
2024-09-16,-20.53079919,24.71711797,-2.9050901,-48.83113807,-47.54990939,-51.73622817,-254.0,378.0,5659.0,5281.0,-295.0,24402.0,32393.0,7991.0,-475.0,-32276.0,23854.0,56130.0,-4481.0,-3491.0,51361.0,55842.0,-86.0,0.0,80.0,166.0,-4605.0,1850.0,29524.0,34129.0,-18050.0,-6284.0,48047.0,66097.0,20.0,0.0,20.0,0.0,5822.0,-1123.0,32088.0,26266.0,1.086844601002574,17.371016880000116,192.34041946,-126.18236058,83.52907575999981,-496.0,偏多｜投信買超,1
2024-09-18,-159.24770214,45.88864108,-52.24276804,-103.54283385,-269.14466295,-155.78560189,2198.0,414.0,3850.0,3436.0,429.0,24831.0,32809.0,7978.0,-1332.0,-30477.0,16733.0,47210.0,-2595.0,-30996.0,21682.0,24277.0,0.0,0.0,0.0,0.0,-2687.0,521.0,7760.0,10447.0,-4514.0,-11592.0,21099.0,25613.0,0.0,0.0,0.0,0.0,3450.0,2617.0,11823.0,8373.0,1.523582474226804,128.24433801000015,214.16803335999998,-206.52795673,135.88441463999982,1799.0,偏多｜外資現貨大賣；外資期貨淨多增；現貨賣／期貨多→可能回補或對沖,1
2024-09-19,271.06699891,27.34743493,47.99297887,12.0940009,358.50141361,60.08697977,-1006.0,-601.0,3650.0,4251.0,1417.0,26248.0,33661.0,7413.0,177.0,-30264.0,19102.0,49366.0,2662.0,5257.0,29003.0,26341.0,0.0,0.0,60.0,60.0,-2052.0,635.0,11817.0,13869.0,2829.0,7343.0,33438.0,30609.0,0.0,0.0,0.0,0.0,5555.0,2105.0,17949.0,12394.0,1.5189134298045188,484.46012904000014,173.01675018,-99.42510716000001,558.0517720599998,213.0,偏多確認｜外資現貨大買；投信買超,2
2024-09-20,237.88053286,34.16678847,11.37102281,-12.02557426,271.39276988,-0.65455145,-1055.0,-1683.0,3343.0,5026.0,-681.0,25567.0,32717.0,7150.0,-894.0,-31945.0,21336.0,53281.0,4256.0,1594.0,32571.0,28315.0,0.0,0.0,60.0,60.0,-357.0,1695.0,16477.0,16834.0,-5282.0,-8111.0,35008.0,40290.0,0.0,0.0,0.0,0.0,6363.0,808.0,20723.0,14360.0,1.257692541117922,358.61458642000014,168.61824689,-179.34632147000002,347.8865118399998,-1681.0,中性／雜訊｜外資現貨大買；外資期貨淨空增；現貨買／期貨空→偏避險,0
2024-09-23,115.90313001,43.00070608,33.27768822,-4.28699757,187.89452674,28.99069065,-92.0,-1807.0,3762.0,5569.0,-43.0,25524.0,32610.0,7086.0,-3834.0,-35862.0,19303.0,55165.0,2480.0,-1776.0,37255.0,34775.0,-200.0,-200.0,60.0,260.0,1542.0,1899.0,19927.0,18385.0,-7633.0,-2351.0,35784.0,43417.0,0.0,0.0,0.0,0.0,6351.0,-12.0,21820.0,15469.0,1.0949967380940433,445.0721604500001,175.12068853,-119.09871109000001,501.0941378899998,-3917.0,中性／雜訊｜外資現貨大買；外資期貨淨空增；現貨買／期貨空→偏避險,0
2024-09-24,105.46160099,7.22217048,10.09952102,14.10692964,136.89022213,24.20645066,27.0,-1810.0,3534.0,5344.0,-243.0,25281.0,32005.0,6724.0,4002.0,-31749.0,20374.0,52123.0,3477.0,997.0,39092.0,35615.0,-400.0,-200.0,60.0,460.0,2323.0,781.0,21598.0,19275.0,-13384.0,-5751.0,39463.0,52847.0,0.0,0.0,0.0,0.0,5734.0,-617.0,22824.0,17090.0,1.056764515232892,571.0645606300001,157.62574104,-43.15603226,685.5342694099998,4113.0,偏多確認｜外資現貨大買；外資期貨淨多增,2
2024-09-25,347.39262394,21.45151505,79.80798706,48.40536062,497.05748667,128.21334768,-102.0,-1942.0,3697.0,5639.0,236.0,25517.0,32020.0,6503.0,-2549.0,-34290.0,21780.0,56070.0,-1171.0,-9322.0,23934.0,25105.0,-400.0,0.0,60.0,460.0,-943.0,-1029.0,16775.0,17718.0,-3671.0,-16015.0,29146.0,32817.0,0.0,0.0,0.0,0.0,6340.0,1347.0,19208.0,12868.0,1.145037257824143,1077.7048867100002,133.18861501,240.84291731000002,1451.73641903,-2541.0,中性／雜訊｜外資現貨大買；外資期貨淨空增；現貨買／期貨空→偏避險,0
2024-09-26,212.10167525,5.3800078,35.90518394,12.7977069,266.18457389,48.70289084,501.0,-1532.0,4288.0,5820.0,115.0,25632.0,31924.0,6292.0,-2709.0,-37081.0,21230.0,58311.0,954.0,2125.0,35450.0,34496.0,-400.0,0.0,60.0,460.0,4723.0,5666.0,24989.0,20266.0,3045.0,6716.0,39916.0,36871.0,0.0,0.0,0.0,0.0,5675.0,-665.0,21737.0,16062.0,0.8698627396054264,1018.7395630500001,111.22118788,229.45882838,1359.4195793099998,-2791.0,偏空｜外資現貨大買；外資期貨淨空增；現貨買／期貨空→偏避險,-1
2024-09-27,246.49457628,9.77002048,21.77759989,23.41040535,301.452602,45.18800524,-28.0,-1408.0,4353.0,5761.0,-348.0,25284.0,31526.0,6242.0,881.0,-36237.0,24136.0,60373.0,12006.0,11052.0,45914.0,33908.0,-400.0,0.0,60.0,460.0,4791.0,68.0,26219.0,21428.0,6098.0,3053.0,45600.0,39502.0,0.0,0.0,0.0,0.0,6391.0,716.0,23459.0,17068.0,0.8947328273389527,1027.3536064700002,86.82441989,275.30138507000004,1389.47941143,844.0,偏多｜外資現貨大買,1
2024-09-30,-403.4063743,-9.40516679,-11.57792019,-82.5357453,-506.92520658,-94.11366549,344.0,-824.0,4702.0,5526.0,-553.0,24731.0,31315.0,6584.0,482.0,-37202.0,22229.0,59431.0,4502.0,-7504.0,50093.0,45591.0,-400.0,0.0,60.0,460.0,7890.0,3099.0,30738.0,22848.0,-1323.0,-7421.0,42673.0,43996.0,0.0,0.0,0.0,0.0,6127.0,-264.0,24954.0,18827.0,0.8118290064415382,508.0441021600001,34.41854702,152.19702893,694.6596781099997,-965.0,偏空｜外資現貨大賣；選擇權 PCR 偏低≤0.88（≈P20）,-1
2024-10-01,-93.07641062,14.57808774,-8.17938643,-48.12052857,-134.79823788,-56.299915,187.0,-759.0,4879.0,5638.0,159.0,24890.0,31556.0,6666.0,-1497.0,-39479.0,21752.0,61231.0,1506.0,-2996.0,54581.0,53075.0,-400.0,0.0,60.0,460.0,8127.0,237.0,32219.0,24092.0,1081.0,2404.0,46206.0,45125.0,0.0,0.0,0.0,0.0,6469.0,342.0,25487.0,19018.0,0.7910549675657221,309.5060905500001,41.774464280000004,71.69066326999999,422.9712180999998,-2277.0,偏空確認｜外資現貨大賣；外資期貨淨空增；選擇權 PCR 偏低≤0.88（≈P20）,-2
2024-10-04,-223.18869442,34.47339555,-17.85836788,-24.00047824,-230.57414499,-41.85884612,-424.0,-1131.0,4371.0,5502.0,-259.0,24631.0,31397.0,6766.0,2392.0,-37000.0,22503.0,59503.0,-10558.0,-21684.0,29337.0,39895.0,-400.0,0.0,60.0,460.0,-363.0,-1202.0,20873.0,21236.0,1840.0,-1390.0,37262.0,35422.0,0.0,0.0,0.0,0.0,4272.0,-1209.0,20622.0,16350.0,0.9879748957983998,-261.0752278099999,54.79634478,-98.38153053000002,-304.66041356000017,2479.0,偏多｜外資現貨大賣；外資期貨淨多增；現貨賣／期貨多→可能回補或對沖,1
2024-10-07,17.46515126,49.89938448,35.84515829,-3.45523641,99.75445762,32.38992188,865.0,-353.0,5420.0,5773.0,644.0,25275.0,31762.0,6487.0,-4982.0,-42146.0,21579.0,63725.0,-4273.0,6285.0,39210.0,43483.0,-400.0,0.0,60.0,460.0,1975.0,2338.0,26380.0,24405.0,9828.0,7988.0,46912.0,37084.0,0.0,0.0,0.0,0.0,4359.0,87.0,24170.0,19811.0,0.9162244124336618,-455.7117517999999,99.31572145999999,-114.69449949000003,-471.0905298300002,-5146.0,偏空｜外資期貨淨空增；現貨買／期貨空→偏避險；投信買超,-1
2024-10-08,-251.30696662,31.52966665,-21.16019086,-66.1944588,-307.13194963,-87.35464966,324.0,8.0,5228.0,5220.0,133.0,25408.0,31884.0,6476.0,1056.0,-41090.0,19156.0,60246.0,-5122.0,-849.0,44393.0,49515.0,-400.0,0.0,60.0,460.0,2451.0,476.0,27784.0,25333.0,7569.0,-2259.0,49112.0,41543.0,0.0,0.0,0.0,0.0,4343.0,-16.0,24897.0,20554.0,0.8960912755542758,-953.5132947,121.07536763,-247.23715439000003,-1079.6750814600002,1056.0,偏空｜外資現貨大賣；現貨賣／期貨多→可能回補或對沖；投信買超,-1
2024-10-09,133.20374742,21.60787216,-13.0727298,-45.72039115,96.01849863,-58.79312095,-728.0,-620.0,4737.0,5357.0,114.0,25522.0,31862.0,6340.0,409.0,-40450.0,20073.0,60523.0,-1261.0,-6682.0,32193.0,33454.0,-400.0,0.0,60.0,460.0,359.0,188.0,23043.0,22684.0,-1725.0,-17400.0,37007.0,38732.0,0.0,0.0,0.0,0.0,3353.0,-1130.0,22565.0,19212.0,0.9792561732413314,-416.90317297999985,152.08840658,-211.91660985000004,-476.7313762500002,640.0,偏多確認｜外資現貨大買；投信買超,2
2024-10-11,219.88528227,23.91540218,4.03383044,-26.50386467,221.33065022,-22.47003423,-35.0,-693.0,4949.0,5642.0,40.0,25562.0,31732.0,6170.0,-1468.0,-41849.0,23024.0,64873.0,5523.0,6784.0,40789.0,35266.0,-400.0,0.0,60.0,460.0,3951.0,3592.0,26742.0,22791.0,-5463.0,-3738.0,41188.0,46651.0,0.0,0.0,0.0,0.0,2312.0,-1041.0,23377.0,21065.0,0.8741679754692993,-103.94148008999986,161.42572102,-178.08672908000005,-120.60248815000023,-1399.0,偏多｜外資現貨大買；現貨買／期貨空→偏避險；投信買超,1
2024-10-14,-16.07699802,52.71396653,12.18261947,-9.43456159,39.38502639,2.74805788,-746.0,-1351.0,4249.0,5600.0,-30.0,25532.0,31574.0,6042.0,2778.0,-39071.0,24855.0,63926.0,6662.0,1139.0,44326.0,37664.0,-400.0,0.0,60.0,460.0,5307.0,1356.0,28556.0,23249.0,-11454.0,-5991.0,44146.0,55600.0,0.0,0.0,0.0,0.0,2202.0,-110.0,24538.0,22336.0,0.8592940187701359,103.17021631000013,179.666292,-133.47982508000004,149.3566832299998,2778.0,偏多確認｜外資期貨淨多增；現貨賣／期貨多→可能回補或對沖；投信買超,2
2024-10-15,334.28479334,27.89142517,14.54384295,-5.84189213,370.87816933,8.70195082,-751.0,-2264.0,4294.0,6558.0,64.0,25596.0,31465.0,5869.0,-78.0,-39049.0,26468.0,65517.0,6716.0,54.0,41823.0,35107.0,-400.0,0.0,60.0,460.0,8761.0,3454.0,31468.0,22707.0,-15646.0,-4192.0,43925.0,59571.0,0.0,0.0,0.0,0.0,4047.0,1845.0,28216.0,24169.0,0.8966569213168933,419.98985839000017,157.65833268999998,-157.16779614000004,420.48039493999977,22.0,偏多確認｜外資現貨大買；投信買超,2
2024-10-16,-340.79979432,-0.14070996,31.06386563,-56.25885062,-366.13548927,-25.19498499,1742.0,-1472.0,3490.0,4962.0,-748.0,22640.0,28686.0,6046.0,-1744.0,-32317.0,21018.0,53335.0,-3956.0,-22879.0,18716.0,22672.0,0.0,0.0,0.0,0.0,5163.0,259.0,15681.0,10518.0,-1278.0,-6086.0,22111.0,23389.0,0.0,0.0,0.0,0.0,7143.0,1060.0,13785.0,6642.0,0.87908934379185,330.49703069000014,125.98795607999999,-95.00813147000002,361.4768552999998,6732.0,中性／雜訊｜外資現貨大賣；外資期貨淨多增；現貨賣／期貨多→可能回補或對沖,0
2024-10-17,-39.16194907,17.35758136,60.08145113,-0.30572019,37.97136323,59.77573094,-652.0,-2219.0,3636.0,5855.0,501.0,23141.0,29078.0,5937.0,-1921.0,-34416.0,17962.0,52378.0,1080.0,5036.0,29256.0,28176.0,-60.0,-60.0,0.0,60.0,6005.0,842.0,19539.0,13534.0,-788.0,490.0,27852.0,28640.0,0.0,0.0,0.0,0.0,6734.0,-409.0,16726.0,9992.0,0.8560315266902093,158.13133420000017,121.73766528,23.56072041999998,303.4297198999998,-2099.0,偏空｜外資期貨淨空增；選擇權 PCR 偏低≤0.88（≈P20）,-1
2024-10-18,566.20954409,-6.53770886,49.50799515,47.08721527,656.26704565,96.59521042,-2143.0,-4376.0,3987.0,8363.0,416.0,23557.0,29339.0,5782.0,5797.0,-28759.0,22163.0,50922.0,322.0,-758.0,33798.0,33476.0,-60.0,0.0,0.0,60.0,9204.0,3199.0,24032.0,14828.0,-1549.0,-761.0,34573.0,36122.0,0.0,0.0,0.0,0.0,6499.0,-235.0,18023.0,11524.0,0.7499583888149135,504.45559602000014,91.28455423999999,142.62596506999998,738.3661153299997,5657.0,偏多確認｜外資現貨大買；外資期貨淨多增；選擇權 PCR 偏低≤0.88（≈P20）,2
2024-10-21,211.16206203,21.5611001,29.17530179,-34.06866833,227.82979559,-4.89336654,1339.0,-3100.0,4824.0,7924.0,-733.0,22824.0,28568.0,5744.0,-4544.0,-33579.0,19482.0,53061.0,-868.0,-1190.0,38923.0,39791.0,-152.0,-92.0,0.0,152.0,9070.0,-134.0,24132.0,15062.0,-2471.0,-922.0,38255.0,40726.0,0.0,0.0,0.0,0.0,6310.0,-189.0,17545.0,11235.0,0.7270429305486491,731.6946560700002,60.13168781,134.98454064999999,926.8108845299997,-4820.0,中性／雜訊｜外資現貨大買；外資期貨淨空增；現貨買／期貨空→偏避險,0
2024-10-22,78.57295541,38.7263814,0.7903586,-21.48521046,96.60448495,-20.69485186,952.0,-2142.0,5436.0,7578.0,143.0,22967.0,28732.0,5765.0,-152.0,-34905.0,17230.0,52135.0,-4930.0,-4062.0,38690.0,43620.0,-152.0,0.0,0.0,152.0,9837.0,767.0,25415.0,15578.0,6573.0,9044.0,42847.0,36274.0,0.0,0.0,0.0,0.0,7377.0,1067.0,19447.0,12070.0,0.7651780444619319,475.9828181400001,70.96664404,105.58773796999998,652.5372001499998,-1326.0,偏多｜外資現貨大買；現貨買／期貨空→偏避險；投信買超,1
2024-10-23,-78.93276517,-2.33436907,-31.55202928,-35.81473245,-148.63389597,-67.36676173,1245.0,-894.0,6106.0,7000.0,-432.0,22535.0,28289.0,5754.0,-812.0,-36095.0,16406.0,52501.0,-2086.0,-16968.0,27775.0,29861.0,-152.0,0.0,0.0,152.0,5802.0,1048.0,18453.0,12651.0,1034.0,4750.0,27500.0,26466.0,0.0,0.0,0.0,0.0,5419.0,-442.0,13325.0,7906.0,0.7221048068064814,737.8498472900001,68.77298493,63.41596122999998,870.0387934499997,-1190.0,偏空｜外資現貨大賣；選擇權 PCR 偏低≤0.88（≈P20）,-1
2024-10-24,-66.85257341,2.90000515,-33.71484824,-49.92900491,-147.59642141,-83.64385315,549.0,-378.0,6714.0,7092.0,-475.0,22060.0,27953.0,5893.0,518.0,-35511.0,15510.0,51021.0,3802.0,5888.0,41496.0,37694.0,-112.0,40.0,40.0,152.0,5580.0,-222.0,20983.0,15403.0,5002.0,3968.0,33007.0,28005.0,0.0,0.0,0.0,0.0,6211.0,792.0,16178.0,9967.0,0.7710050993661536,710.1592229500001,54.31540871999999,-80.00362286000002,684.4710088099998,584.0,偏空｜外資現貨大賣；選擇權 PCR 偏低≤0.88（≈P20）,-1
2024-10-25,179.15121943,-12.68946506,-3.15183262,8.98064825,172.29057,5.82881563,-293.0,-669.0,6286.0,6955.0,343.0,22403.0,28197.0,5794.0,-2074.0,-37492.0,15950.0,53442.0,12309.0,8507.0,48961.0,36652.0,-112.0,0.0,40.0,152.0,6946.0,1366.0,22435.0,15489.0,1473.0,-3529.0,36002.0,34529.0,0.0,0.0,0.0,0.0,5461.0,-750.0,16799.0,11338.0,0.7487853799866281,323.1008982900001,48.16365252,-170.77001765,200.49453315999978,-1981.0,偏空｜外資現貨大買；外資期貨淨空增；現貨買／期貨空→偏避險,-1
2024-10-28,80.0626234,-1.31890082,12.51709464,-31.97383022,59.286987,-19.45673558,386.0,-243.0,6841.0,7084.0,-103.0,22300.0,28137.0,5837.0,-1205.0,-40342.0,14951.0,55293.0,4311.0,-7998.0,48710.0,44399.0,-112.0,0.0,40.0,152.0,7256.0,310.0,23990.0,16734.0,5528.0,4055.0,39906.0,34378.0,0.0,0.0,0.0,0.0,6473.0,1012.0,18619.0,12146.0,0.7761150479366402,192.0014596600001,25.283651600000002,-185.33338669000003,31.951724569999776,-2850.0,偏空｜外資現貨大買；外資期貨淨空增；現貨買／期貨空→偏避險,-1
2024-10-29,-291.69609759,57.60164808,-40.74650965,-121.19430431,-396.03526347,-161.94081396,968.0,741.0,7913.0,7172.0,355.0,22655.0,28785.0,6130.0,-754.0,-40874.0,14455.0,55329.0,-4777.0,-9088.0,52001.0,56778.0,-112.0,0.0,40.0,152.0,7399.0,143.0,25826.0,18427.0,11603.0,6075.0,47616.0,36013.0,0.0,0.0,0.0,0.0,5137.0,-1336.0,18140.0,13003.0,0.7023929373499574,-178.2675933399999,44.158918279999995,-326.57934879000004,-460.68802385000026,-532.0,偏空｜外資現貨大賣；投信買超；選擇權 PCR 偏低≤0.88（≈P20）,-1
2024-10-30,-28.25018675,32.3999395,-0.01792431,-39.03869779,-34.90686935,-39.0566221,-1107.0,-397.0,6996.0,7393.0,164.0,22819.0,28952.0,6133.0,1820.0,-38775.0,15606.0,54381.0,-1052.0,-8952.0,32222.0,33274.0,-112.0,0.0,40.0,152.0,5964.0,576.0,19108.0,13144.0,-173.0,-10602.0,27558.0,27731.0,0.0,0.0,0.0,0.0,6036.0,389.0,14228.0,8192.0,0.7446095876072849,-127.5850149199999,78.89322685,-298.26920916000006,-346.96099723000026,2099.0,偏多確認｜外資期貨淨多增；現貨賣／期貨多→可能回補或對沖；投信買超,2
2024-11-01,-213.37281281,59.08544838,-6.78464894,-61.41670968,-222.48872305,-68.20135862,300.0,-112.0,6778.0,6890.0,863.0,23682.0,29781.0,6099.0,-666.0,-39276.0,14375.0,53651.0,5589.0,6641.0,44879.0,39290.0,-112.0,0.0,40.0,152.0,4106.0,-1858.0,19925.0,15819.0,3623.0,3796.0,35681.0,32058.0,0.0,0.0,0.0,0.0,6226.0,190.0,16675.0,10449.0,0.8368883312421581,-274.1052543199999,135.07867008,-282.82671463,-421.85329887000023,-501.0,偏空｜外資現貨大賣；投信買超；選擇權 PCR 偏低≤0.88（≈P20）,-1
2024-11-04,-17.12738279,35.51917593,-10.02057024,-44.79798786,-36.42676496,-54.8185581,-455.0,-515.0,6649.0,7164.0,801.0,24483.0,30423.0,5940.0,61.0,-39117.0,14602.0,53719.0,10316.0,4727.0,49526.0,39210.0,-112.0,0.0,40.0,152.0,3172.0,-934.0,20342.0,17170.0,418.0,-3205.0,39334.0,38916.0,0.0,0.0,0.0,0.0,5946.0,-280.0,18345.0,12399.0,0.9018287287385705,-470.3838565399999,183.28731107000002,-343.47408836000005,-630.5706338300002,159.0,偏多｜投信買超,1
2024-11-05,93.1441688,55.58820002,-10.704714,-42.60335647,95.42429835,-53.30807047,59.0,-469.0,6758.0,7227.0,669.0,25152.0,31330.0,6178.0,-1745.0,-41306.0,13110.0,54416.0,11286.0,970.0,53444.0,42158.0,-112.0,0.0,40.0,152.0,2837.0,-335.0,21835.0,18998.0,-1156.0,-1574.0,42267.0,43423.0,0.0,0.0,0.0,0.0,8186.0,2240.0,24400.0,16214.0,1.1174719487062057,-457.3023111399999,240.19441190999999,-377.3254232500001,-594.4333224800002,-2189.0,中性／雜訊｜外資現貨大買；外資期貨淨空增；現貨買／期貨空→偏避險,0
2024-11-06,-20.07912778,37.39025586,2.94535309,-52.33282923,-32.07634806,-49.38747614,1386.0,858.0,7722.0,6864.0,383.0,25535.0,31831.0,6296.0,-3252.0,-44625.0,12109.0,56734.0,-10560.0,-10545.0,23579.0,34139.0,-112.0,0.0,40.0,152.0,1632.0,1082.0,17190.0,15558.0,-156.0,-3302.0,31906.0,32062.0,0.0,0.0,0.0,0.0,6027.0,1055.0,18144.0,12117.0,1.0554973821989528,-185.6853413299999,219.98301969000002,-264.77208543,-230.47440707000027,-3319.0,偏空｜外資期貨淨空增；投信買超,-1
2024-11-07,54.35117757,20.74040393,33.09044505,18.60913016,126.79115671,51.69957521,-107.0,706.0,7683.0,6977.0,165.0,25700.0,31814.0,6114.0,-1460.0,-45946.0,12193.0,58139.0,-1322.0,9238.0,35709.0,37031.0,-112.0,0.0,40.0,152.0,1603.0,-29.0,19770.0,18167.0,6519.0,6675.0,47237.0,40718.0,0.0,0.0,0.0,0.0,5714.0,-313.0,20834.0,15120.0,1.0538189175518462,-103.08397700999988,208.32348412000002,-174.01588812,-68.77638101000026,-1321.0,偏多｜外資現貨大買；現貨買／期貨空→偏避險；投信買超,1
2024-11-08,-0.12272057,31.14543548,16.50410801,-8.71004194,38.81678098,7.79406607,-680.0,-111.0,6838.0,6949.0,-320.0,25380.0,31398.0,6018.0,1303.0,-42828.0,13436.0,56264.0,5388.0,6710.0,44126.0,38738.0,-112.0,0.0,40.0,152.0,2654.0,1051.0,20776.0,18122.0,3095.0,-3424.0,50847.0,47752.0,0.0,0.0,0.0,0.0,1963.0,-3751.0,20297.0,18334.0,0.9769445514054679,110.16611523000012,180.38347122000002,-98.02046343000002,192.52912301999973,3118.0,偏多確認｜外資期貨淨多增；現貨賣／期貨多→可能回補或對沖；投信買超,2
2024-11-11,-1.72795792,28.58337374,-28.64495237,-58.17475787,-59.96429442,-86.81971024,2304.0,2250.0,8806.0,6556.0,198.0,25578.0,31617.0,6039.0,-5732.0,-51698.0,10275.0,61973.0,-6733.0,-12121.0,45419.0,52152.0,-112.0,0.0,40.0,152.0,1821.0,-833.0,21227.0,19406.0,14522.0,11427.0,60005.0,45483.0,0.0,0.0,0.0,0.0,1773.0,-190.0,22318.0,20545.0,1.0513968059546803,125.5655401000001,173.44766903000001,-130.02161557000002,168.99159355999976,-8870.0,偏空｜外資期貨淨空增；投信買超,-1
2024-11-12,-476.7117517,67.71892656,-47.47874022,-157.45660705,-613.92817241,-204.93534727,431.0,2669.0,8355.0,5686.0,-321.0,25257.0,31348.0,6091.0,2322.0,-49505.0,10642.0,60147.0,-10033.0,-3300.0,50820.0,60853.0,-112.0,0.0,40.0,152.0,411.0,-1410.0,22360.0,21949.0,7166.0,-7356.0,56821.0,49655.0,0.0,0.0,0.0,0.0,2387.0,614.0,23901.0,21514.0,1.06891771019678,-444.2903803999999,185.57839557,-281.64889237,-540.3608772000002,2193.0,偏多｜外資現貨大賣；外資期貨淨多增；現貨賣／期貨多→可能回補或對沖,1
2024-11-13,-425.19495291,59.19462922,-30.55748548,-63.20945359,-459.76726276,-93.76693907,-760.0,1840.0,7581.0,5741.0,338.0,25595.0,31551.0,5956.0,4413.0,-44794.0,12477.0,57271.0,4100.0,-1469.0,38224.0,34124.0,-112.0,0.0,40.0,152.0,1771.0,1200.0,18380.0,16609.0,1329.0,-14561.0,31065.0,29736.0,0.0,0.0,0.0,0.0,234.0,-812.0,18243.0,18009.0,0.9925462459194777,-849.4062055299999,207.38276893,-326.02835530000004,-968.0517919000002,4711.0,偏多｜外資現貨大賣；外資期貨淨多增；現貨賣／期貨多→可能回補或對沖,1
2024-11-14,-254.27151819,57.35291025,-53.11177876,-110.45765774,-360.48804444,-163.5694365,875.0,2759.0,8288.0,5529.0,549.0,26144.0,32111.0,5967.0,-2397.0,-47248.0,11433.0,58681.0,7586.0,3486.0,46074.0,38488.0,-112.0,0.0,40.0,152.0,1529.0,-242.0,19960.0,18431.0,9746.0,8417.0,40684.0,30938.0,0.0,0.0,0.0,0.0,1209.0,975.0,20413.0,19204.0,1.022695390781563,-1158.0289012899998,243.99527525000002,-541.29736701,-1455.3309930500002,-2454.0,偏空確認｜外資現貨大賣；外資期貨淨空增；投信買超,-2
2024-11-15,51.28163032,-77.1180267,-12.78181134,-48.59170133,-87.20990905,-61.37351267,-1295.0,1465.0,6754.0,5289.0,-148.0,25996.0,31926.0,5930.0,1901.0,-45184.0,14280.0,59464.0,20772.0,13186.0,58557.0,37785.0,-112.0,0.0,40.0,152.0,2159.0,630.0,21177.0,19018.0,819.0,-8927.0,40994.0,40175.0,0.0,0.0,0.0,0.0,1650.0,441.0,22476.0,20826.0,1.0613401331633376,-1106.6245503999999,135.73181307,-610.46494575,-1581.3576830800002,2064.0,偏多確認｜外資現貨大買；外資期貨淨多增；投信賣超,2
2024-11-18,-107.03393837,31.72014093,-17.98312641,-103.4609904,-196.75791425,-121.44411681,-30.0,1587.0,6647.0,5060.0,451.0,26447.0,32550.0,6103.0,-1364.0,-46583.0,14451.0,61034.0,16364.0,-4408.0,62054.0,45690.0,-112.0,0.0,40.0,152.0,3549.0,1390.0,23793.0,20244.0,3251.0,2432.0,46414.0,43163.0,0.0,0.0,0.0,0.0,4409.0,2759.0,29562.0,25153.0,1.2424662715924852,-1211.9305308499997,138.86858026,-645.08935232,-1718.1513029100001,-1399.0,偏空｜外資現貨大賣；投信買超,-1
2024-11-19,106.52245301,54.00242749,35.10500763,-17.8213329,177.80855523,17.28367473,-3270.0,-1791.0,4159.0,5950.0,573.0,27020.0,32961.0,5941.0,3119.0,-41369.0,17897.0,59266.0,24578.0,8214.0,68040.0,43462.0,-112.0,0.0,40.0,152.0,3021.0,-528.0,25520.0,22499.0,-4896.0,-8147.0,47966.0,52862.0,0.0,0.0,0.0,0.0,4264.0,-145.0,30716.0,26452.0,1.2036050156739813,-628.6963261399999,125.15208119,-422.87033032,-926.4145752700002,5214.0,偏多確認｜外資現貨大買；外資期貨淨多增；投信買超,2
2024-11-20,-321.4881376,53.15987754,19.12032679,-41.02374738,-290.23168065,-21.90342059,2946.0,-1013.0,4424.0,5437.0,-316.0,26704.0,32730.0,6026.0,-6226.0,-41885.0,12239.0,54124.0,1282.0,-29921.0,24772.0,23490.0,-44.0,-44.0,0.0,44.0,-1580.0,-35.0,12943.0,14523.0,2686.0,1955.0,27256.0,24570.0,0.0,0.0,0.0,0.0,4006.0,-6.0,16204.0,12198.0,1.2519508614695203,-524.98951083,119.11732950999999,-351.00681184,-756.8789931600002,-516.0,偏空｜外資現貨大賣；投信買超,-1
2024-11-21,-263.52251633,84.97414945,17.35950993,-35.51900339,-196.70786034,-18.15949346,-222.0,-1272.0,4403.0,5675.0,140.0,26844.0,32949.0,6105.0,522.0,-43707.0,11141.0,54848.0,1671.0,389.0,35132.0,33461.0,-44.0,0.0,0.0,44.0,-2131.0,-551.0,15633.0,17764.0,5384.0,2698.0,36123.0,30739.0,0.0,0.0,0.0,0.0,2348.0,-1658.0,18096.0,15748.0,1.1575513337171368,-534.2405089699998,146.73856870999998,-205.5968688,-593.0988090600002,-1822.0,偏空確認｜外資現貨大賣；外資期貨淨空增；投信買超,-2
2024-11-22,80.40908897,46.8411149,27.63255685,6.89436196,161.77712268,34.52691881,-1777.0,-3269.0,3704.0,6973.0,77.0,26921.0,32900.0,5979.0,3606.0,-38202.0,12771.0,50973.0,16120.0,14449.0,45139.0,29019.0,-124.0,-80.0,120.0,244.0,-2525.0,-394.0,17374.0,19899.0,3226.0,-2158.0,41283.0,38057.0,0.0,0.0,0.0,0.0,638.0,-1710.0,19871.0,19233.0,1.14372050189939,-505.11305031999984,270.69771031,-109.69643732000003,-344.1117773300002,5505.0,偏多確認｜外資現貨大買；外資期貨淨多增；投信買超,2
2024-11-25,52.15840041,59.84041731,44.97517386,-4.99707393,151.97691765,39.97809993,466.0,-2744.0,4306.0,7050.0,-239.0,26682.0,32661.0,5979.0,-6546.0,-46343.0,12115.0,58458.0,13292.0,-2828.0,49229.0,35937.0,-124.0,0.0,120.0,244.0,-4390.0,-1865.0,18502.0,22892.0,7295.0,4069.0,47475.0,40180.0,0.0,0.0,0.0,0.0,301.0,-337.0,19963.0,19662.0,1.0789644362771593,-345.9207115399999,298.81798669,51.72577941999997,4.623054569999766,-8141.0,中性／雜訊｜外資現貨大買；外資期貨淨空增；現貨買／期貨空→偏避險,0
2024-11-26,-292.54619095,33.71168545,-17.02927455,-61.50539764,-337.36917769,-78.53467219,1371.0,-1395.0,4672.0,6067.0,-865.0,25817.0,31976.0,6159.0,-460.0,-48462.0,11634.0,60096.0,5796.0,-7496.0,50675.0,44879.0,-124.0,0.0,120.0,244.0,-5939.0,-1549.0,18982.0,24921.0,8190.0,895.0,50160.0,41970.0,0.0,0.0,0.0,0.0,-1.0,-302.0,20828.0,20829.0,1.0972500263407439,-744.9893554999999,278.52724465,-44.09256750000003,-510.55467835000024,-2119.0,偏空確認｜外資現貨大賣；外資期貨淨空增；投信買超,-2
2024-11-27,-410.60965873,26.17538027,-37.67304873,-101.90027115,-524.00759834,-139.57331988,493.0,-719.0,5046.0,5765.0,-81.0,25736.0,32025.0,6289.0,3218.0,-45338.0,12975.0,58313.0,3706.0,-29507.0,35723.0,32017.0,-124.0,0.0,120.0,244.0,-9059.0,1092.0,13344.0,22403.0,-167.0,-7110.0,27741.0,27908.0,0.0,0.0,0.0,0.0,-1213.0,-927.0,16245.0,17458.0,1.2174010791366907,-834.1108766299999,251.54274738,-161.76246679000005,-744.3305960400003,3124.0,偏多｜外資現貨大賣；外資期貨淨多增；現貨賣／期貨多→可能回補或對沖,1
2024-11-28,-98.8547581,36.90922987,-9.59002143,-71.74797869,-143.28352835,-81.33800012,-417.0,-973.0,4926.0,5899.0,1245.0,26981.0,33293.0,6312.0,-2011.0,-47260.0,12212.0,59472.0,7577.0,3871.0,45555.0,37978.0,-124.0,0.0,120.0,244.0,-9264.0,-205.0,15674.0,24938.0,5334.0,5501.0,37286.0,31952.0,0.0,0.0,0.0,0.0,-3418.0,-2205.0,19111.0,22529.0,1.2192803368635958,-669.4431183999999,203.4778278,-224.94097345000006,-690.9062640500002,-1922.0,偏空確認｜外資現貨大賣；外資期貨淨空增；投信買超,-2
2024-11-29,-264.65086897,47.62816001,-4.29946286,-17.61165163,-238.93382345,-21.91111449,289.0,-713.0,5169.0,5882.0,171.0,27152.0,33503.0,6351.0,2231.0,-44859.0,12597.0,57456.0,6783.0,-794.0,52216.0,45433.0,-124.0,0.0,120.0,244.0,-9263.0,1.0,16536.0,25799.0,7190.0,1856.0,41612.0,34422.0,0.0,0.0,0.0,0.0,-4686.0,-1268.0,19354.0,24040.0,1.170416061925496,-1014.5030763399999,204.26487291,-281.37900675000003,-1091.6172101800003,2401.0,偏多｜外資現貨大賣；外資期貨淨多增；現貨賣／期貨多→可能回補或對沖,1
2024-12-02,150.38976308,47.26884709,5.6672664,-2.89013019,200.43574638,2.77713621,-1598.0,-2326.0,4821.0,7147.0,431.0,27583.0,33681.0,6098.0,4980.0,-37509.0,15865.0,53374.0,13273.0,6490.0,54858.0,41585.0,-124.0,0.0,120.0,244.0,-5268.0,3995.0,22583.0,27851.0,-6536.0,-13726.0,41055.0,47591.0,0.0,0.0,0.0,0.0,-5869.0,-1183.0,22518.0,28387.0,0.9971217287340034,-916.2717136699998,191.69330269,-318.57997047000003,-1043.1583814500002,7350.0,偏多確認｜外資現貨大買；外資期貨淨多增；投信買超,2
2024-12-03,286.05096693,3.29686607,21.32681143,23.71983586,334.39448029,45.04664729,-911.0,-3224.0,4330.0,7554.0,573.0,28156.0,33985.0,5829.0,-1528.0,-38835.0,14441.0,53276.0,10216.0,-3057.0,57230.0,47014.0,-124.0,0.0,120.0,244.0,-4896.0,372.0,25731.0,30627.0,-7942.0,-1406.0,49761.0,57703.0,0.0,0.0,0.0,0.0,-5477.0,392.0,23935.0,29412.0,0.9302009249543353,-337.6745557899998,161.27848331,-194.99865099000004,-371.3947234700002,-1326.0,偏多｜外資現貨大買；現貨買／期貨空→偏避險,1
2024-12-04,258.59900365,-28.81244978,21.0482853,21.12839407,271.96323324,42.17667937,1208.0,-2011.0,4611.0,6622.0,-500.0,27656.0,33393.0,5737.0,-810.0,-38787.0,13991.0,52778.0,666.0,-12417.0,33010.0,32344.0,-124.0,0.0,120.0,244.0,-7533.0,-888.0,21032.0,28565.0,7717.0,-8325.0,34570.0,26853.0,0.0,0.0,0.0,0.0,-5099.0,-189.0,19128.0,24227.0,0.9094712818562191,331.53410659000014,106.29065326,-13.248651740000028,424.5761081099998,48.0,偏多｜外資現貨大買；投信賣超,1
2024-12-05,46.04695924,-12.15884511,12.86094475,-18.25924167,28.48981721,-5.39829692,477.0,-1550.0,4733.0,6283.0,-317.0,27339.0,33089.0,5750.0,579.0,-38208.0,14579.0,52787.0,1309.0,643.0,37990.0,36681.0,-124.0,0.0,120.0,244.0,-6432.0,1101.0,23942.0,30374.0,7988.0,271.0,43318.0,35330.0,0.0,0.0,0.0,0.0,-3141.0,1958.0,23907.0,27048.0,0.9985381338234066,476.4358239300001,57.22257828,62.691051459999976,596.3494536699998,579.0,中性／雜訊,0
2024-12-06,20.02383857,-25.82094853,4.45071091,-22.08407382,-23.43047287,-17.63336291,-274.0,-1818.0,4622.0,6440.0,-530.0,26809.0,32563.0,5754.0,2025.0,-36183.0,15880.0,52063.0,6795.0,5486.0,44383.0,37588.0,-124.0,0.0,120.0,244.0,-6643.0,-211.0,25039.0,31682.0,4290.0,-3698.0,43689.0,39399.0,0.0,0.0,0.0,0.0,-1207.0,1934.0,26894.0,28101.0,1.0740844282918647,761.1105314700002,-16.226530259999997,66.96880303999997,811.8528042499998,2025.0,偏多｜外資期貨淨多增；投信賣超,1
2024-12-09,42.05394246,11.20952557,-2.50848889,-24.64075647,26.11422267,-27.14924536,172.0,-1666.0,4970.0,6636.0,-337.0,26472.0,32232.0,5760.0,-1486.0,-37578.0,15082.0,52660.0,4093.0,-2702.0,47979.0,43886.0,-124.0,0.0,120.0,244.0,-6856.0,-213.0,27352.0,34208.0,5928.0,1638.0,47949.0,42021.0,0.0,0.0,0.0,0.0,-1136.0,71.0,27688.0,28824.0,1.012284293653115,652.7747108500001,-52.28585178,37.04242146999998,637.5312805399997,-1395.0,偏空｜現貨買／期貨空→偏避險,-1
2024-12-10,-70.14665903,-14.30544418,-17.5635425,-39.80474537,-141.82039108,-57.36828787,796.0,-884.0,6029.0,6913.0,-375.0,26097.0,31951.0,5854.0,533.0,-37390.0,18172.0,55562.0,-298.0,-4391.0,49719.0,50017.0,-124.0,0.0,120.0,244.0,-7700.0,-844.0,28357.0,36057.0,9178.0,3250.0,49725.0,40547.0,0.0,0.0,0.0,0.0,-754.0,382.0,30233.0,30987.0,1.0661565045667736,296.5770848900001,-69.88816203,-65.37251369000003,161.3164091699998,188.0,偏空｜外資現貨大賣,-1
2024-12-11,-176.43684965,38.51270968,-16.41847279,-59.52954349,-213.87215625,-75.94801628,1187.0,251.0,7099.0,6848.0,-158.0,25939.0,31808.0,5869.0,-2285.0,-39968.0,19117.0,59085.0,9252.0,-22174.0,37196.0,27944.0,-124.0,0.0,120.0,244.0,-7824.0,305.0,25758.0,33582.0,5701.0,-7770.0,33274.0,27573.0,0.0,0.0,0.0,0.0,-1544.0,594.0,27631.0,29175.0,1.0727152729249165,-138.4587684099999,-2.5630025699999948,-183.49720934000004,-324.5189803200002,-2578.0,偏空確認｜外資現貨大賣；外資期貨淨空增；投信買超,-2
2024-12-12,-17.20523768,10.67787926,4.53814183,4.110792,2.12157541,8.64893383,-464.0,-204.0,6724.0,6928.0,332.0,26271.0,32098.0,5827.0,468.0,-39415.0,20878.0,60293.0,13729.0,4477.0,45149.0,31420.0,-124.0,0.0,120.0,244.0,-4516.0,3308.0,29590.0,34106.0,5556.0,-145.0,38155.0,32599.0,0.0,0.0,0.0,0.0,-224.0,1320.0,31394.0,31618.0,1.0609665427509294,-201.7109653299999,20.273721800000004,-169.44997859000003,-350.8872221200002,553.0,中性／雜訊,0
2024-12-13,-40.33620876,25.35673449,-28.95320032,-58.96003732,-102.89271191,-87.91323764,365.0,169.0,7839.0,7670.0,-20.0,26251.0,32036.0,5785.0,-1680.0,-42161.0,19380.0,61541.0,13957.0,228.0,49123.0,35166.0,-124.0,0.0,120.0,244.0,-5875.0,-1359.0,29308.0,35183.0,5783.0,227.0,41422.0,35639.0,0.0,0.0,0.0,0.0,264.0,488.0,31878.0,31614.0,1.0876893680906237,-262.0710126599999,71.45140482,-239.72985332000002,-430.3494611600002,-2746.0,偏空｜外資期貨淨空增；投信買超,-1
2024-12-16,151.62776576,16.41400585,-26.59112233,-71.08489459,70.36575469,-97.67601692,-548.0,-445.0,6335.0,6780.0,-16.0,26235.0,32019.0,5784.0,1055.0,-41070.0,18780.0,59850.0,8764.0,-5193.0,53759.0,44995.0,-124.0,0.0,120.0,244.0,-3686.0,2189.0,31840.0,35526.0,3480.0,-2303.0,41802.0,38322.0,0.0,0.0,0.0,0.0,1163.0,899.0,32865.0,31702.0,1.0321922110552764,-152.49718935999994,76.6558851,-310.25662488,-386.09792914000025,1091.0,偏多｜外資現貨大買,1
2024-12-17,34.31441524,-3.18700425,5.52996167,-13.36224582,23.29512684,-7.83228415,-1174.0,-1757.0,5341.0,7098.0,84.0,26323.0,32052.0,5729.0,1055.0,-39762.0,22263.0,62025.0,16393.0,7629.0,59101.0,42708.0,-324.0,-200.0,120.0,444.0,-2197.0,1489.0,32891.0,35088.0,-4535.0,-8015.0,41343.0,45878.0,0.0,0.0,0.0,0.0,2174.0,1011.0,33022.0,30848.0,1.0039828524520384,-48.036115089999925,87.77432503,-260.72062116,-220.98241122000022,1308.0,中性／雜訊,0
2024-12-18,104.2434148,17.05709794,-28.81365091,-28.17622642,64.31063541,-56.98987733,-931.0,-1803.0,3537.0,5340.0,0.0,26323.0,32052.0,5729.0,1717.0,-34718.0,16620.0,51338.0,4208.0,-8949.0,24781.0,20573.0,-200.0,0.0,0.0,200.0,-3585.0,-593.0,9261.0,12846.0,3756.0,-14632.0,17823.0,14067.0,0.0,0.0,0.0,0.0,1222.0,2217.0,9963.0,8741.0,1.075801749271137,232.64414936000009,66.31871329,-241.76248221,57.200380439999776,5044.0,偏多確認｜外資現貨大買；外資期貨淨多增,2
2024-12-19,-332.99867299,-23.39796431,8.1286777,-65.27886596,-413.54682556,-57.15018826,886.0,-923.0,4832.0,5755.0,-1249.0,25074.0,30892.0,5818.0,-1713.0,-38603.0,13025.0,51628.0,830.0,-3378.0,32918.0,32088.0,-190.0,10.0,60.0,250.0,-4214.0,-629.0,11711.0,15925.0,8782.0,5026.0,28098.0,19316.0,0.0,0.0,0.0,0.0,-1219.0,-2441.0,12150.0,13369.0,1.0374861241567757,-83.14928594999989,32.24286972,-307.5616043,-358.4680205300002,-3885.0,偏空確認｜外資現貨大賣；外資期貨淨空增；投信賣超,-2
2024-12-20,-486.77001842,3.89143506,-8.80271373,-58.45640182,-550.13769891,-67.25911555,-161.0,-1070.0,4695.0,5765.0,258.0,25332.0,31455.0,6123.0,2040.0,-36563.0,11760.0,48323.0,2911.0,2081.0,37332.0,34421.0,-190.0,0.0,60.0,250.0,-6062.0,-1848.0,11640.0,17702.0,10682.0,1900.0,33099.0,22417.0,0.0,0.0,0.0,0.0,-2647.0,-1428.0,12587.0,15234.0,1.0813573883161511,-529.5830956099999,10.777570290000003,-286.90748221,-805.7130075300003,2040.0,中性／雜訊｜外資現貨大賣；外資期貨淨多增；現貨賣／期貨多→可能回補或對沖,0
2024-12-23,394.27819503,1.35135998,22.67523953,34.53216895,452.83696349,57.20740848,-2970.0,-4228.0,3172.0,7400.0,587.0,25919.0,31798.0,5879.0,2573.0,-32946.0,13465.0,46411.0,15887.0,12976.0,49174.0,33287.0,-230.0,-40.0,60.0,290.0,-3893.0,2169.0,15018.0,18911.0,-3428.0,-14110.0,34843.0,38271.0,0.0,0.0,0.0,0.0,-3732.0,-1085.0,13331.0,17063.0,0.8876681315754428,-286.93266633999986,-4.285075579999995,-132.02405681000002,-423.24179873000026,3617.0,偏多確認｜外資現貨大買；外資期貨淨多增,2
2024-12-24,142.52231871,-17.97728523,12.74573282,34.2997186,171.5904849,47.04545142,1285.0,-2959.0,3540.0,6499.0,-172.0,25747.0,31601.0,5854.0,-2617.0,-36050.0,12255.0,48305.0,11231.0,-4656.0,49924.0,38693.0,-230.0,0.0,60.0,290.0,-3759.0,134.0,16495.0,20254.0,6621.0,10049.0,42511.0,35890.0,0.0,0.0,0.0,0.0,-4353.0,-621.0,13268.0,17621.0,0.8043649590785087,-178.72476286999986,-19.075356559999996,-77.14632124000002,-274.94644067000024,-3104.0,偏空｜外資現貨大買；外資期貨淨空增；現貨買／期貨空→偏避險,-1
2024-12-25,111.15777484,-15.04166663,36.5307843,23.11588525,155.76277776,59.64666955,386.0,-2582.0,3455.0,6037.0,100.0,25847.0,31632.0,5785.0,-823.0,-36873.0,12625.0,49498.0,3974.0,-13780.0,26104.0,22130.0,-220.0,10.0,70.0,290.0,-3614.0,1272.0,14222.0,17836.0,14204.0,-12338.0,30952.0,16748.0,0.0,0.0,0.0,0.0,-3864.0,-104.0,11602.0,15466.0,0.8157783715370552,-171.81040282999982,-51.174121129999996,39.49022563999998,-183.49429832000024,-823.0,偏多｜外資現貨大買；選擇權 PCR 偏低≤0.88（≈P20）,1
2024-12-26,34.58815716,1.55844144,11.72307511,7.26749241,55.13716612,18.99056752,467.0,-2137.0,3724.0,5861.0,51.0,25898.0,31684.0,5786.0,-1656.0,-38683.0,12820.0,51503.0,5709.0,1735.0,35207.0,29498.0,-220.0,0.0,70.0,290.0,-4910.0,-1296.0,15626.0,20536.0,15883.0,1679.0,36219.0,20336.0,0.0,0.0,0.0,0.0,997.0,4861.0,18007.0,17010.0,1.152374248048125,195.77642732000012,-26.217715379999994,115.63098141999997,285.18969335999975,-1810.0,偏空確認｜外資期貨淨空增；現貨買／期貨空→偏避險,-2
2024-12-27,54.75499214,-17.97130224,-2.03821176,14.75610654,49.50158468,12.71789478,-802.0,-2918.0,3070.0,5988.0,145.0,26043.0,31807.0,5764.0,2059.0,-36465.0,13611.0,50076.0,4196.0,-1513.0,35977.0,31781.0,-220.0,0.0,70.0,290.0,-6072.0,-1162.0,15635.0,21707.0,12291.0,-3592.0,39854.0,27563.0,0.0,0.0,0.0,0.0,-251.0,-1248.0,19316.0,19567.0,1.235433322673489,737.3014378800001,-48.08045267999999,195.60799175,884.8289769499999,2218.0,偏多確認｜外資現貨大買；外資期貨淨多增,2
2024-12-30,-64.85892249,-12.81049879,-17.78345883,-10.21707242,-105.66995253,-28.00053125,1086.0,-1819.0,3705.0,5524.0,-375.0,25668.0,31519.0,5851.0,-2331.0,-39253.0,12554.0,51807.0,5432.0,1236.0,36687.0,31255.0,-220.0,0.0,70.0,290.0,-5775.0,297.0,17627.0,23402.0,16948.0,4657.0,42058.0,25110.0,0.0,0.0,0.0,0.0,-384.0,-133.0,20578.0,20962.0,1.1674136268224882,278.16432036000015,-62.24231144999999,110.40005201999998,326.3220609299998,-2788.0,偏空確認｜外資現貨大賣；外資期貨淨空增,-2
2024-12-31,-184.50459113,-12.02771479,-0.65400894,-32.66721371,-229.85352857,-33.32122265,918.0,-888.0,4516.0,5404.0,-174.0,25494.0,31352.0,5858.0,-1326.0,-41764.0,10700.0,52464.0,283.0,-5149.0,38312.0,38029.0,-220.0,0.0,70.0,290.0,-5083.0,692.0,18926.0,24009.0,21080.0,4132.0,44981.0,23901.0,0.0,0.0,0.0,0.0,-232.0,152.0,21560.0,21792.0,1.1391736235866003,-48.86258947999988,-56.29274101,30.033377949999988,-75.12195254000022,-2511.0,偏空確認｜外資現貨大賣；外資期貨淨空增,-2
2025-01-02,-273.97601102,-22.22087035,-51.35794907,-27.45793923,-375.01276967,-78.8158883,1807.0,936.0,6301.0,5365.0,-43.0,25451.0,31482.0,6031.0,-1062.0,-43256.0,9023.0,52279.0,-682.0,-32986.0,32638.0,33320.0,-220.0,0.0,70.0,290.0,-6023.0,-3232.0,16094.0,22117.0,18200.0,-3228.0,34671.0,16471.0,0.0,0.0,0.0,0.0,-1223.0,1382.0,18127.0,19350.0,1.1263203678389462,-433.9963753399999,-63.47194473,-108.42917990000001,-605.8974999700002,-1492.0,偏空確認｜外資現貨大賣；投信賣超,-2
2025-01-03,91.6812914,9.31010125,0.829483,10.9960448,112.81692045,11.8255278,-1707.0,-760.0,5069.0,5829.0,225.0,25676.0,31595.0,5919.0,2909.0,-39974.0,9809.0,49783.0,17095.0,17777.0,51104.0,34009.0,-220.0,0.0,70.0,290.0,-4937.0,1086.0,20318.0,25255.0,13112.0,-5088.0,38641.0,25529.0,0.0,0.0,0.0,0.0,-1845.0,-622.0,20617.0,22462.0,1.014716015355842,-376.90324109999983,-55.72028492,-115.59421962,-548.2177456400002,3282.0,偏多確認｜外資現貨大買；外資期貨淨多增,2
2025-01-06,520.06412324,-10.96860328,51.98607568,82.61470128,643.69629692,134.60077696,-2183.0,-2917.0,3769.0,6686.0,842.0,26518.0,31853.0,5335.0,3954.0,-32862.0,15770.0,48632.0,20711.0,3616.0,56894.0,36183.0,-220.0,0.0,100.0,320.0,636.0,5573.0,27769.0,27133.0,9393.0,-3719.0,47721.0,38328.0,0.0,0.0,0.0,0.0,-1544.0,301.0,22555.0,24099.0,0.8122366667867046,88.40589000000011,-48.71758596,6.2886625599999775,45.97696659999974,7112.0,偏多確認｜外資現貨大買；外資期貨淨多增；選擇權 PCR 偏低≤0.88（≈P20）,2
2025-01-07,113.20248188,-8.89274049,24.16132014,46.33914251,174.81020404,70.50046265,-434.0,-3358.0,3644.0,7002.0,-715.0,25803.0,31059.0,5256.0,2516.0,-30346.0,18069.0,48415.0,29692.0,8981.0,64812.0,35120.0,-220.0,0.0,100.0,320.0,3403.0,2767.0,31004.0,27601.0,4682.0,-4711.0,50589.0,45907.0,0.0,0.0,0.0,0.0,-787.0,757.0,23771.0,24558.0,0.7667075216101148,266.4672943700001,-44.79982765999999,104.78965645999999,326.45712316999976,2516.0,偏多確認｜外資現貨大買；外資期貨淨多增；選擇權 PCR 偏低≤0.88（≈P20）,2
2025-01-08,-159.43442097,-20.37849732,4.44587019,-12.11610224,-187.48315034,-7.67023205,2002.0,-1457.0,4990.0,6447.0,-458.0,25345.0,30748.0,5403.0,-6290.0,-37452.0,17576.0,55028.0,1784.0,-41334.0,35094.0,33310.0,-220.0,0.0,100.0,320.0,319.0,-2183.0,26499.0,26180.0,16820.0,2335.0,40247.0,23427.0,0.0,0.0,0.0,0.0,627.0,1588.0,21417.0,20790.0,0.8082191780821918,291.5374645300001,-53.150610189999995,130.44064705999997,368.8275013999998,-7106.0,偏空確認｜外資現貨大賣；外資期貨淨空增；投信賣超,-2
2025-01-09,-291.4363567,-27.89611591,-30.94374809,-81.23046503,-431.50668573,-112.17421312,1203.0,-294.0,5623.0,5917.0,-408.0,24937.0,30444.0,5507.0,-2029.0,-41000.0,16753.0,57753.0,-3445.0,-5229.0,42986.0,46431.0,-200.0,20.0,100.0,300.0,-623.0,-942.0,27829.0,28452.0,17172.0,352.0,44195.0,27023.0,0.0,0.0,0.0,0.0,4536.0,3909.0,27455.0,22919.0,0.9865607819181429,274.07711885000015,-58.82585575,97.08232224,312.33358533999973,-3548.0,偏空確認｜外資現貨大賣；外資期貨淨空增；投信賣超,-2
2025-01-10,-171.92952317,-9.12204455,-21.13497516,-45.86663861,-248.05318149,-67.00161377,-47.0,-404.0,5867.0,6271.0,310.0,25247.0,30753.0,5506.0,-948.0,-41948.0,15158.0,57106.0,-2995.0,450.0,45674.0,48669.0,-200.0,0.0,100.0,300.0,82.0,705.0,30543.0,30461.0,15774.0,-1398.0,46940.0,31166.0,0.0,0.0,0.0,0.0,5962.0,1426.0,30488.0,24526.0,0.9981992600595881,10.466304280000116,-77.25800155,18.255180669999987,-48.5365166000002,-948.0,偏空｜外資現貨大賣,-1
2025-01-13,-544.35782755,35.23467613,-28.91994533,-140.60303113,-678.64612788,-169.52297646,1241.0,882.0,7129.0,6247.0,677.0,25924.0,31640.0,5716.0,-1202.0,-43359.0,15340.0,58699.0,3329.0,6324.0,56947.0,53618.0,-200.0,0.0,100.0,300.0,872.0,790.0,34149.0,33277.0,13264.0,-2510.0,47588.0,34324.0,0.0,0.0,0.0,0.0,5509.0,-453.0,34982.0,29473.0,1.0243931008228646,-1053.95564651,-31.05472214000001,-285.86857275,-1370.8789414000003,-1411.0,偏空｜外資現貨大賣；投信買超,-1
2025-01-14,-129.95034073,44.27564256,-3.78980872,-26.19355305,-115.65805994,-29.98336177,240.0,1191.0,6889.0,5698.0,420.0,26344.0,31998.0,5654.0,713.0,-42434.0,13324.0,55758.0,9932.0,6603.0,65251.0,55319.0,-200.0,0.0,100.0,300.0,1831.0,959.0,35711.0,33880.0,12675.0,-589.0,49708.0,37033.0,0.0,0.0,0.0,0.0,5619.0,110.0,35659.0,30040.0,0.9985438660356752,-1297.1084691199999,22.113660909999997,-386.35239717,-1661.34720538,925.0,偏空｜外資現貨大賣；投信買超,-1
2025-01-15,-295.83200863,13.48659625,-10.94829162,-65.33434345,-358.62804745,-76.28263507,876.0,1157.0,6324.0,5167.0,-86.0,26258.0,32008.0,5750.0,-915.0,-39417.0,11383.0,50800.0,5146.0,-33362.0,29100.0,23954.0,-200.0,-200.0,0.0,200.0,1335.0,-314.0,10515.0,9180.0,10633.0,-2084.0,25462.0,14829.0,0.0,0.0,0.0,0.0,7614.0,-2574.0,15395.0,7781.0,1.4640989063242986,-1433.5060567799999,55.97875448,-454.96480019,-1832.49210249,3017.0,中性／雜訊｜外資現貨大賣；外資期貨淨多增；現貨賣／期貨多→可能回補或對沖,0
2025-01-16,253.52315094,-41.41218843,50.4015129,39.15685527,301.66933068,89.55836817,-1630.0,-483.0,5678.0,6161.0,-1701.0,24557.0,30145.0,5588.0,2825.0,-36211.0,15832.0,52043.0,11172.0,6026.0,39074.0,27902.0,-230.0,-30.0,60.0,290.0,613.0,-722.0,14056.0,13443.0,14038.0,3405.0,36236.0,22198.0,0.0,0.0,0.0,0.0,7083.0,-531.0,19570.0,12487.0,1.3922879908935686,-888.5465491399998,42.46268196,-253.23221890000002,-1099.3160860800003,3206.0,偏多確認｜外資現貨大買；外資期貨淨多增；投信賣超,2
2025-01-17,132.11785391,-15.81606932,1.98325258,-9.54888066,108.73615651,-7.56562808,-577.0,-1059.0,5339.0,6398.0,-103.0,24454.0,30055.0,5601.0,2847.0,-31863.0,14223.0,46086.0,17997.0,6825.0,48986.0,30989.0,-230.0,0.0,60.0,290.0,1969.0,1356.0,15578.0,13609.0,6109.0,-7929.0,38788.0,32679.0,0.0,0.0,0.0,0.0,7215.0,132.0,21030.0,13815.0,1.349980742072153,-584.4991720599999,35.76865719,-193.79623321,-742.5267480800003,4348.0,偏多確認｜外資現貨大買；外資期貨淨多增,2
2025-01-20,91.59647837,23.27497734,8.93467265,15.34707351,139.15320187,24.28174616,1011.0,-50.0,5565.0,5615.0,-72.0,24382.0,29833.0,5451.0,-2858.0,-34721.0,14167.0,48888.0,16968.0,-1029.0,50342.0,33374.0,-230.0,0.0,60.0,290.0,942.0,-1027.0,16176.0,15234.0,4051.0,-2058.0,40373.0,36322.0,0.0,0.0,0.0,0.0,6403.0,-812.0,21015.0,14612.0,1.299146884272997,51.45513386000022,23.808958399999998,0.0084894099999957,75.27258166999977,-2858.0,中性／雜訊｜外資現貨大買；外資期貨淨空增；現貨買／期貨空→偏避險,0
2025-01-21,2.59149175,13.25942937,1.62559213,-23.64397334,-6.16746009,-22.01838121,-553.0,-723.0,4878.0,5601.0,98.0,24480.0,29858.0,5378.0,956.0,-33695.0,15049.0,48744.0,18404.0,1436.0,54649.0,36245.0,-230.0,0.0,60.0,290.0,-1275.0,-2217.0,15267.0,16542.0,5745.0,1694.0,42079.0,36334.0,0.0,0.0,0.0,0.0,6346.0,-57.0,22676.0,16330.0,1.4852950808934302,183.9969663400002,-7.207254790000004,7.973469969999993,184.7631815199998,1026.0,中性／雜訊,0
2025-01-22,156.18985734,7.67169584,25.15470188,14.75363852,203.76989358,39.9083404,1.0,-748.0,4831.0,5579.0,28.0,24508.0,29747.0,5239.0,1097.0,-32126.0,17476.0,49602.0,5094.0,-12513.0,32491.0,27397.0,-230.0,0.0,60.0,290.0,490.0,1250.0,13559.0,13069.0,4847.0,-14884.0,31528.0,26681.0,0.0,0.0,0.0,0.0,4190.0,-2597.0,17812.0,13622.0,1.3136661995722398,636.0188323100002,-13.022155200000006,124.16444544,747.1611225499998,1569.0,偏多確認｜外資現貨大買；外資期貨淨多增,2
2025-02-03,-743.79746765,98.90099472,-15.59008322,-188.39552989,-848.88208604,-203.98561311,1882.0,913.0,6526.0,5613.0,-40.0,24468.0,30512.0,6044.0,-3528.0,-36490.0,14961.0,51451.0,3107.0,-25663.0,30884.0,27777.0,-230.0,0.0,60.0,290.0,-2294.0,-1031.0,11512.0,13806.0,8087.0,-2678.0,29314.0,21227.0,0.0,0.0,0.0,0.0,3015.0,-4562.0,18587.0,15572.0,1.6145760945100764,-361.3017862799998,127.29102795,-169.37953584000002,-403.3902941700002,-4364.0,偏空確認｜外資現貨大賣；外資期貨淨空增；投信買超,-2
2025-02-04,-152.56468538,-18.14343616,-5.77003122,-33.22821984,-209.7063726,-38.99825106,-701.0,219.0,6218.0,5999.0,207.0,24675.0,30681.0,6006.0,2157.0,-34065.0,14919.0,48984.0,21155.0,18048.0,55558.0,34403.0,-230.0,0.0,60.0,290.0,-2632.0,-338.0,14448.0,17080.0,10484.0,2397.0,37487.0,27003.0,0.0,0.0,0.0,0.0,2402.0,-613.0,21721.0,19319.0,1.503391472868217,-645.9843255699998,124.96366111,-200.81215881999998,-721.8328232800002,2425.0,中性／雜訊｜外資現貨大賣；外資期貨淨多增；現貨賣／期貨多→可能回補或對沖,0
2025-02-05,254.03258523,48.77790362,8.08188086,18.64563487,329.53800458,26.72751573,-1013.0,-858.0,5627.0,6485.0,291.0,24966.0,30503.0,5537.0,810.0,-31808.0,17410.0,49218.0,16975.0,462.0,40529.0,23554.0,-230.0,0.0,60.0,290.0,-3670.0,-1951.0,13523.0,17193.0,6084.0,-12654.0,32039.0,25955.0,0.0,0.0,0.0,0.0,2961.0,15.0,21855.0,18894.0,1.6161354728980255,-483.5482187099998,150.46658739,-198.36638925,-531.4480205700002,2257.0,偏多確認｜外資現貨大買；外資期貨淨多增；投信買超,2
2025-02-06,28.96083966,27.30147022,14.40837183,2.29826342,72.96894513,16.70663525,-483.0,-1322.0,5310.0,6632.0,-277.0,24689.0,30182.0,5493.0,552.0,-30996.0,18422.0,49418.0,23119.0,6144.0,50791.0,27672.0,-230.0,0.0,60.0,290.0,-4403.0,-733.0,16751.0,21154.0,2912.0,-3172.0,36794.0,33882.0,0.0,0.0,0.0,0.0,3006.0,45.0,26830.0,23824.0,1.6016954211688854,-457.1788707999998,164.50862824,-159.64137279,-452.3116153500002,812.0,偏多｜投信買超,1
2025-02-07,141.66329151,16.39438415,16.69451517,46.35391245,221.10610328,63.04842762,-969.0,-2268.0,4791.0,7059.0,-70.0,24619.0,30069.0,5450.0,962.0,-29862.0,19299.0,49161.0,28076.0,4957.0,57002.0,28926.0,-230.0,0.0,60.0,290.0,-3596.0,807.0,19929.0,23525.0,-637.0,-3549.0,39768.0,40405.0,0.0,0.0,0.0,0.0,3108.0,102.0,28546.0,25438.0,1.432384966631542,-471.7054366299998,173.23131655,-136.50128557,-434.97540565000014,1134.0,偏多｜外資現貨大買,1
2025-02-10,-188.90820754,0.96602183,-11.66306374,-40.24473082,-239.84998027,-51.90779456,2099.0,-170.0,6472.0,6642.0,-601.0,24018.0,29654.0,5636.0,-812.0,-30961.0,17762.0,48723.0,22022.0,-6054.0,56276.0,34254.0,-230.0,0.0,60.0,290.0,-1446.0,2150.0,24113.0,25559.0,2948.0,3585.0,44235.0,41287.0,0.0,0.0,0.0,0.0,3674.0,566.0,30729.0,27055.0,1.2743748185626012,83.18382348000023,75.29634365999999,15.576532979999996,174.05670011999985,-1099.0,偏空｜外資現貨大賣,-1
2025-02-11,93.01893384,28.77096866,-9.10523854,6.68233162,119.36699558,-2.42290692,119.0,-55.0,6660.0,6715.0,-225.0,23793.0,29370.0,5577.0,-623.0,-31339.0,18347.0,49686.0,22478.0,456.0,58462.0,35984.0,-405.0,-175.0,60.0,465.0,-297.0,1149.0,25249.0,25546.0,-1274.0,-4222.0,42204.0,43478.0,0.0,0.0,0.0,0.0,5829.0,2155.0,33380.0,27551.0,1.322032555744782,328.76744270000023,122.21074847999999,52.151877119999995,503.13006829999983,-378.0,偏多確認｜外資現貨大買；投信買超,2
2025-02-12,26.33148447,-35.0759517,-1.33223176,0.7163356,-9.36036339,-0.61589616,-7.0,-52.0,6529.0,6581.0,854.0,24647.0,30225.0,5578.0,117.0,-31214.0,19289.0,50503.0,18965.0,-15744.0,46855.0,27890.0,-542.0,-137.0,60.0,602.0,-213.0,-980.0,23168.0,23381.0,-260.0,-11405.0,32466.0,32726.0,0.0,0.0,0.0,0.0,7783.0,3247.0,32045.0,24262.0,1.3831578038674033,101.06634194000023,38.35689316,24.808465229999996,164.23170032999985,125.0,偏空｜投信賣超,-1
2025-02-13,10.77795016,11.54301058,26.66922035,27.85621394,76.84639503,54.52543429,-144.0,-203.0,5940.0,6143.0,-98.0,24549.0,30125.0,5576.0,-439.0,-31464.0,20320.0,51784.0,18880.0,-85.0,47879.0,28999.0,-542.0,0.0,60.0,602.0,580.0,793.0,25809.0,25229.0,-1873.0,-1613.0,35157.0,37030.0,0.0,0.0,0.0,0.0,7498.0,-285.0,35247.0,27749.0,1.3656863884691386,82.88345244000021,22.59843352,62.62726427,168.10915022999984,-250.0,中性／雜訊,0
2025-02-14,-245.9265298,-31.93639954,-4.56139045,-21.7344345,-304.15875429,-26.29582495,1069.0,940.0,8556.0,7616.0,351.0,24900.0,30534.0,5634.0,-3404.0,-35307.0,20681.0,55988.0,15914.0,-2966.0,52366.0,36452.0,-542.0,0.0,60.0,602.0,743.0,163.0,26842.0,26099.0,-904.0,969.0,37950.0,38854.0,0.0,0.0,0.0,0.0,8874.0,1376.0,37886.0,29012.0,1.4114447507637284,-304.7063688699998,-25.73235017,-26.716988300000008,-357.15570734000016,-3843.0,偏空確認｜外資現貨大賣；外資期貨淨空增；投信賣超,-2
2025-02-17,247.46848628,46.81851979,9.4759533,25.07865269,328.84161206,34.55460599,-2535.0,-1380.0,4986.0,6366.0,-834.0,24066.0,29663.0,5597.0,5358.0,-29484.0,24347.0,53831.0,22034.0,6120.0,58922.0,36888.0,-542.0,0.0,60.0,602.0,3601.0,2858.0,29709.0,26108.0,-3576.0,-2672.0,37923.0,41499.0,0.0,0.0,0.0,0.0,8490.0,-384.0,37885.0,29395.0,1.2752028004981655,131.67032495000024,20.120147790000004,59.74541224999999,211.53588498999983,5823.0,偏多確認｜外資現貨大買；外資期貨淨多增；投信買超,2
2025-02-18,81.6738678,-21.82902287,2.63053871,16.03361798,78.50900162,18.66415669,158.0,-1414.0,4945.0,6359.0,-529.0,23537.0,29102.0,5565.0,572.0,-28912.0,26481.0,55393.0,14844.0,-7190.0,54124.0,39280.0,-661.0,-119.0,60.0,721.0,4597.0,996.0,30437.0,25840.0,-5187.0,-1611.0,42822.0,48009.0,0.0,0.0,0.0,0.0,8681.0,191.0,38026.0,29345.0,1.2493346913296317,120.32525891000023,-30.479843739999996,80.83247585999999,170.67789102999984,572.0,偏多｜外資現貨大買；投信賣超,1
2025-02-19,-25.77155686,-59.84721539,-27.4529288,-2.33646331,-115.40816436,-29.78939211,-211.0,-2549.0,2781.0,5330.0,-565.0,22972.0,28611.0,5639.0,1762.0,-24751.0,22762.0,47513.0,16534.0,-14622.0,36071.0,19537.0,-531.0,-100.0,0.0,531.0,2537.0,305.0,14903.0,12366.0,420.0,-6189.0,27926.0,27506.0,0.0,0.0,0.0,0.0,7033.0,713.0,19131.0,12098.0,1.2837012682010334,68.22221758000023,-55.251107430000005,51.65897990999998,64.63009005999984,4161.0,偏多｜外資期貨淨多增；現貨賣／期貨多→可能回補或對沖；投信賣超,1
2025-02-20,-167.97318303,-64.49621962,20.35116709,-26.75646576,-238.87470132,-6.40529867,488.0,-2067.0,3285.0,5352.0,949.0,23921.0,29625.0,5704.0,469.0,-24533.0,22965.0,47498.0,18388.0,1854.0,42913.0,24525.0,-531.0,0.0,0.0,531.0,4880.0,2343.0,19361.0,14481.0,4521.0,4101.0,35706.0,31185.0,0.0,0.0,0.0,0.0,7065.0,32.0,22508.0,15443.0,1.1625432570631682,-110.52891560999977,-131.29033763,-9.271753050000015,-251.09100629000017,218.0,偏空確認｜外資現貨大賣；投信賣超,-2
2025-02-21,178.86537125,-48.05264874,9.40890688,32.60043144,172.82206083,42.00933832,-748.0,-2875.0,2771.0,5646.0,719.0,24640.0,30265.0,5625.0,-1000.0,-25255.0,22973.0,48228.0,21937.0,3549.0,49719.0,27782.0,-531.0,0.0,0.0,531.0,6619.0,1739.0,21407.0,14788.0,2167.0,-2354.0,37468.0,35301.0,0.0,0.0,0.0,0.0,6758.0,-307.0,23504.0,16746.0,1.0979586116690803,314.26298544000025,-147.40658683,59.03341021999998,225.88980882999982,-722.0,偏多｜外資現貨大買；投信賣超,1
2025-02-24,-195.28331322,26.95968911,-4.32729503,-33.86261937,-206.51353851,-38.1899144,1480.0,-1419.0,3974.0,5393.0,-1332.0,23308.0,29059.0,5751.0,-3047.0,-31679.0,18917.0,50596.0,14330.0,-7607.0,48570.0,34240.0,-531.0,0.0,0.0,531.0,7524.0,905.0,24058.0,16534.0,2783.0,616.0,42288.0,39505.0,0.0,0.0,0.0,0.0,8442.0,1684.0,26139.0,17697.0,1.0864992933743454,-128.48881405999978,-167.26541751000002,-13.711110170000019,-309.46534174000016,-6424.0,偏空確認｜外資現貨大賣；外資期貨淨空增；投信買超,-2
2025-02-25,-513.38521546,11.21600076,-28.32053697,-65.61560669,-596.10535836,-93.93614366,747.0,-719.0,4471.0,5190.0,-267.0,23041.0,28893.0,5852.0,-2153.0,-35332.0,17957.0,53289.0,9428.0,-4902.0,54096.0,44668.0,-531.0,0.0,0.0,531.0,8829.0,1305.0,26239.0,17410.0,2859.0,76.0,39527.0,36668.0,0.0,0.0,0.0,0.0,9425.0,983.0,28390.0,18965.0,1.0819772094973132,-723.5478973199998,-134.22039388000002,-126.31141052000001,-984.0797017200001,-3653.0,偏空確認｜外資現貨大賣；外資期貨淨空增,-2
2025-02-26,-37.91490804,-20.36484679,3.33373844,-44.89434486,-99.84036125,-41.56060642,-160.0,-1010.0,4122.0,5132.0,491.0,23532.0,29275.0,5743.0,321.0,-35013.0,18945.0,53958.0,17207.0,-4588.0,44012.0,26805.0,-531.0,0.0,0.0,531.0,6191.0,1618.0,22361.0,16170.0,6025.0,-13806.0,34140.0,28115.0,0.0,0.0,0.0,0.0,11383.0,275.0,27306.0,15923.0,1.2211439559948123,-735.6912484999998,-94.73802528000002,-138.08262483000001,-968.5118986100001,319.0,偏空｜投信賣超,-1
2025-02-27,-451.09309697,-80.00528039,3.38295332,-71.03744813,-598.75287217,-67.65449481,621.0,-485.0,4259.0,4744.0,1226.0,24758.0,30626.0,5868.0,-1413.0,-36719.0,15670.0,52389.0,22320.0,5113.0,54022.0,31702.0,-531.0,0.0,0.0,531.0,4348.0,-1843.0,22680.0,18332.0,8591.0,2566.0,39489.0,30898.0,0.0,0.0,0.0,0.0,9878.0,-1505.0,28359.0,18481.0,1.2503968253968254,-1018.8111624399999,-110.24708605000001,-199.33182097000002,-1328.3900694600002,-1706.0,偏空確認｜外資現貨大賣；外資期貨淨空增；投信賣超,-2
2025-03-03,-570.39511508,92.84910113,4.9304563,-158.49510056,-631.11065821,-153.56464426,2054.0,1504.0,6299.0,4795.0,1550.0,26308.0,32299.0,5991.0,-7471.0,-46555.0,13402.0,59957.0,9405.0,-12915.0,54976.0,45571.0,-561.0,-30.0,70.0,631.0,3293.0,-1055.0,24558.0,21265.0,17760.0,9169.0,48175.0,30415.0,0.0,0.0,0.0,0.0,5899.0,-3979.0,29145.0,23246.0,1.1867823112631322,-1768.0716487699997,30.65466381999999,-394.90580355,-2132.3227885,-9836.0,偏空確認｜外資現貨大賣；外資期貨淨空增；投信買超,-2
2025-03-04,-524.65267919,74.70300467,-2.52597376,-111.11516778,-563.59081606,-113.64114154,-720.0,1187.0,6258.0,5071.0,835.0,27143.0,33062.0,5919.0,2532.0,-44023.0,14069.0,58092.0,5267.0,-4138.0,60156.0,54889.0,-561.0,0.0,70.0,631.0,3893.0,600.0,26081.0,22188.0,9831.0,-7929.0,51562.0,41731.0,0.0,0.0,0.0,0.0,7158.0,1259.0,31530.0,24372.0,1.2089260381120355,-2097.44101474,78.39797937999998,-470.35703069,-2489.40006605,2532.0,偏多｜外資現貨大賣；外資期貨淨多增；現貨賣／期貨多→可能回補或對沖,1
2025-03-05,-140.69586394,33.2243483,-0.26784209,-50.41509702,-158.15445475,-50.68293911,-1916.0,-744.0,5736.0,6480.0,392.0,27535.0,33324.0,5789.0,2798.0,-40914.0,15016.0,55930.0,18713.0,-4949.0,46514.0,27801.0,-561.0,0.0,70.0,631.0,2431.0,1818.0,20343.0,17912.0,9826.0,-17543.0,38277.0,28451.0,0.0,0.0,0.0,0.0,6658.0,-2751.0,27906.0,21248.0,1.3717740746202625,-1724.7516632199997,100.40632692,-427.10382613999997,-2051.4491624400002,3109.0,偏多｜外資現貨大賣；外資期貨淨多增；現貨賣／期貨多→可能回補或對沖,1
2025-03-06,-261.22240322,28.72980415,5.9127467,-58.64842676,-285.22827913,-52.73568006,921.0,336.0,6310.0,5974.0,101.0,27636.0,33485.0,5849.0,544.0,-40485.0,14238.0,54723.0,23228.0,4515.0,55397.0,32169.0,-561.0,0.0,70.0,631.0,1708.0,-723.0,22603.0,20895.0,13214.0,3388.0,44822.0,31608.0,0.0,0.0,0.0,0.0,6825.0,167.0,30268.0,23443.0,1.3391142768659028,-1948.0591583999997,149.50097786,-438.27889977999996,-2236.83708032,429.0,偏空｜外資現貨大賣；投信買超,-1
2025-03-07,-295.02032163,26.67608011,-11.62677413,-100.44223785,-380.4132535,-112.06901198,544.0,1078.0,6257.0,5179.0,-575.0,27061.0,33065.0,6004.0,27.0,-40458.0,14205.0,54663.0,23829.0,601.0,57685.0,33856.0,-561.0,0.0,70.0,631.0,2694.0,986.0,25193.0,22499.0,8438.0,-4776.0,44524.0,36086.0,0.0,0.0,0.0,0.0,9074.0,2249.0,33615.0,24541.0,1.334299210098043,-1791.9863830599998,256.18233836,-482.69341694999997,-2018.4974616499999,27.0,偏空｜外資現貨大賣；投信買超,-1
2025-03-10,-287.18490139,44.02694552,-21.4851283,-79.8987254,-344.54180957,-101.3838537,1194.0,2094.0,6904.0,4810.0,198.0,27259.0,33344.0,6085.0,-989.0,-42626.0,13920.0,56546.0,23968.0,139.0,64835.0,40867.0,-561.0,0.0,70.0,631.0,3673.0,979.0,26167.0,22494.0,13931.0,5493.0,50669.0,36738.0,0.0,0.0,0.0,0.0,9337.0,263.0,34787.0,25450.0,1.3294225551266863,-1508.7761693699997,207.36018274999998,-430.51262639000004,-1731.92861301,-2168.0,偏空確認｜外資現貨大賣；外資期貨淨空增；投信買超,-2
2025-03-11,-460.61876346,61.70962339,-47.20206416,-166.63970599,-612.75091022,-213.84177015,1169.0,3012.0,7508.0,4496.0,740.0,27999.0,34420.0,6421.0,-3071.0,-45697.0,13327.0,59024.0,12062.0,-11906.0,63727.0,51665.0,-531.0,30.0,100.0,631.0,4263.0,590.0,28770.0,24507.0,17580.0,3649.0,55059.0,37479.0,0.0,0.0,0.0,0.0,9664.0,327.0,36483.0,26819.0,1.2680917622523462,-1444.74225364,194.36680146999998,-530.713255,-1781.0887071700001,-3071.0,偏空確認｜外資現貨大賣；外資期貨淨空增；投信買超,-2
2025-03-12,-172.10260037,60.42669661,-17.7648199,-48.89064729,-178.33137095,-66.65546719,-1441.0,1595.0,7830.0,6235.0,1064.0,29063.0,35628.0,6565.0,2109.0,-43409.0,13337.0,56746.0,20143.0,1386.0,47665.0,27522.0,-591.0,-60.0,100.0,691.0,3578.0,-3457.0,23630.0,20052.0,14002.0,-21172.0,41495.0,27493.0,0.0,0.0,0.0,0.0,7612.0,461.0,32216.0,24604.0,1.3633516716038934,-1476.1489900699999,221.56914978,-546.68578308,-1801.2656233700002,2288.0,偏多｜外資現貨大賣；外資期貨淨多增；現貨賣／期貨多→可能回補或對沖,1
2025-03-13,-235.75285776,17.18925391,-7.46438065,-59.37420413,-285.40218863,-66.83858478,-493.0,957.0,7161.0,6204.0,719.0,29782.0,36603.0,6821.0,1766.0,-41732.0,15760.0,57492.0,31793.0,11650.0,64054.0,32261.0,-591.0,0.0,100.0,691.0,4649.0,1071.0,26750.0,22101.0,3980.0,-10022.0,41474.0,37494.0,0.0,0.0,0.0,0.0,10576.0,2964.0,35516.0,24940.0,1.3277009345794393,-1450.6794446099998,210.02859954,-560.7886877999999,-1801.4395328700002,1677.0,中性／雜訊｜外資現貨大賣；外資期貨淨多增；現貨賣／期貨多→可能回補或對沖,0
2025-03-14,-104.85385086,75.09384789,4.72344695,-49.70260181,-74.73915783,-44.97915486,491.0,1457.0,7133.0,5676.0,159.0,29941.0,36997.0,7056.0,-266.0,-41877.0,16230.0,58107.0,21502.0,-10291.0,63206.0,41704.0,-591.0,0.0,100.0,691.0,5298.0,649.0,28838.0,23540.0,3641.0,-339.0,44525.0,40884.0,0.0,0.0,0.0,0.0,11580.0,1004.0,36147.0,24567.0,1.2534503086205702,-1260.5129738399999,258.44636732000004,-493.69883068,-1495.7654372000002,-145.0,偏空｜外資現貨大賣；投信買超,-1
2025-03-17,-103.05668561,76.94027663,-2.18779072,-43.36646247,-71.67066217,-45.55425319,-1570.0,-201.0,6526.0,6727.0,332.0,30273.0,37341.0,7068.0,920.0,-39562.0,18785.0,58347.0,24422.0,2920.0,67710.0,43288.0,-591.0,0.0,100.0,691.0,8251.0,2953.0,31224.0,22973.0,-2503.0,-6144.0,45708.0,48211.0,0.0,0.0,0.0,0.0,14079.0,2499.0,37307.0,23228.0,1.1948180886497566,-1076.3847580599997,291.35969843,-437.86923017,-1222.8942898000003,2315.0,偏多｜外資現貨大賣；外資期貨淨多增；現貨賣／期貨多→可能回補或對沖,1
2025-03-18,-45.75583122,108.43717915,2.2962959,-40.44446542,24.53317841,-38.14816952,-986.0,-987.0,6811.0,7798.0,-189.0,30084.0,37083.0,6999.0,157.0,-39200.0,21709.0,60909.0,21080.0,-3342.0,69045.0,47965.0,-591.0,0.0,100.0,691.0,7885.0,-366.0,32096.0,24211.0,-9580.0,-7077.0,47831.0,57411.0,0.0,0.0,0.0,0.0,15169.0,1090.0,39848.0,24679.0,1.2415254237288136,-661.5218258199998,338.08725419,-262.17562954,-585.6102011700001,362.0,偏多｜投信買超,1
2025-03-19,-342.45694358,3.90763007,-18.42693398,-31.37235239,-388.34859988,-49.79928637,2176.0,340.0,4870.0,4530.0,-481.0,29591.0,36504.0,6913.0,-847.0,-36396.0,15254.0,51650.0,9466.0,-38765.0,30967.0,21501.0,0.0,0.0,0.0,0.0,5409.0,-2512.0,9588.0,4179.0,-4158.0,6393.0,18011.0,22169.0,0.0,0.0,0.0,0.0,9283.0,4108.0,15911.0,6628.0,1.6594701710471422,-831.8761690299998,281.56818765,-245.31944872,-795.6274301000001,2804.0,中性／雜訊｜外資現貨大賣；外資期貨淨多增；現貨賣／期貨多→可能回補或對沖,0
2025-03-20,220.39023316,-4.41424828,20.78961429,11.36538435,248.13098352,32.15499864,-1747.0,-1608.0,4034.0,5642.0,74.0,29665.0,36372.0,6707.0,2793.0,-33162.0,17545.0,50707.0,15862.0,6396.0,40976.0,25114.0,0.0,0.0,0.0,0.0,7893.0,2484.0,14766.0,6873.0,-1169.0,2989.0,26778.0,27947.0,0.0,0.0,0.0,0.0,9857.0,574.0,20073.0,10216.0,1.359406745225518,-375.7330781099997,259.96468546,-146.3258653,-262.09425795000016,3234.0,偏多確認｜外資現貨大買；外資期貨淨多增,2
2025-03-21,-176.84809866,26.61221181,1.42442441,-34.20293222,-183.01439466,-32.77850781,1234.0,-394.0,4546.0,4940.0,-346.0,29319.0,36134.0,6815.0,-1942.0,-35588.0,14590.0,50178.0,15145.0,-717.0,45563.0,30418.0,0.0,0.0,0.0,0.0,6626.0,-1267.0,15202.0,8576.0,3684.0,4853.0,32348.0,28664.0,0.0,0.0,0.0,0.0,11029.0,1172.0,21810.0,10781.0,1.4346796474148138,-447.72732590999976,211.48304938,-134.12521825,-370.3694947800001,-2426.0,偏空確認｜外資現貨大賣；外資期貨淨空增；投信買超,-2
2025-03-24,-114.72387248,30.56508896,-5.43969462,-29.45074996,-119.0492281,-34.89044458,345.0,-131.0,4534.0,4665.0,-55.0,29264.0,36083.0,6819.0,-582.0,-36061.0,14104.0,50165.0,9144.0,-6001.0,49894.0,40750.0,0.0,0.0,0.0,0.0,6057.0,-569.0,15806.0,9749.0,912.0,-2772.0,32894.0,31982.0,0.0,0.0,0.0,0.0,11327.0,298.0,22773.0,11446.0,1.4407819815260028,-459.39451277999973,165.10786171,-123.46140964,-417.7480607100001,-473.0,偏空｜外資現貨大賣；投信買超,-1
2025-03-25,64.09097691,34.52290762,1.30281001,1.92980296,101.8464975,3.23261297,-1516.0,-1692.0,3718.0,5410.0,160.0,29424.0,36176.0,6752.0,2696.0,-31880.0,15641.0,47521.0,18781.0,9637.0,53483.0,34702.0,0.0,0.0,0.0,0.0,8115.0,2058.0,18384.0,10269.0,-1688.0,-2600.0,33139.0,34827.0,0.0,0.0,0.0,0.0,11106.0,-221.0,24340.0,13234.0,1.3239773716275023,-349.54770464999973,91.19359018,-82.08062715,-340.43474162000007,4181.0,偏多確認｜外資現貨大買；外資期貨淨多增；投信買超,2
2025-03-26,-2.26128246,35.21258996,12.21818204,-3.68821873,41.48127081,8.52996331,701.0,-1092.0,3382.0,4474.0,-118.0,29306.0,36059.0,6753.0,-1136.0,-33016.0,15683.0,48699.0,17916.0,-18556.0,38396.0,20480.0,0.0,0.0,0.0,0.0,7215.0,220.0,16046.0,8831.0,-2892.0,-7981.0,24411.0,27303.0,0.0,0.0,0.0,0.0,9016.0,-1239.0,20189.0,11173.0,1.2581951888321077,-9.352043529999772,122.49855007000001,-23.75137747,89.3951290699999,-1136.0,偏多｜投信買超,1
2025-03-27,-387.87163277,52.83467735,-4.91691777,-55.19298258,-395.14685577,-60.10990035,173.0,-959.0,4514.0,5473.0,-242.0,29064.0,36020.0,6956.0,-1087.0,-36414.0,14125.0,50539.0,22641.0,4725.0,47880.0,25239.0,-15.0,-15.0,40.0,55.0,6613.0,-602.0,19415.0,12802.0,-2705.0,187.0,31209.0,33914.0,0.0,0.0,0.0,0.0,9687.0,671.0,24669.0,14982.0,1.2706155034766933,-617.6139094599998,179.7474757,-116.01627646,-553.88271022,-3398.0,偏空確認｜外資現貨大賣；外資期貨淨空增；投信買超,-2
2025-03-28,-336.6856988,30.86913085,-27.00485352,-133.16096829,-465.98238976,-160.16582181,794.0,-165.0,5161.0,5326.0,-188.0,28876.0,36354.0,7478.0,-287.0,-36697.0,13875.0,50572.0,18281.0,-4360.0,53708.0,35427.0,-15.0,0.0,40.0,55.0,6869.0,256.0,20621.0,13752.0,-1191.0,1514.0,33401.0,34592.0,50.0,50.0,50.0,0.0,11217.0,1530.0,27386.0,16169.0,1.3280636244605015,-777.4515095999998,184.00439474,-243.40359046,-836.8507053200001,-283.0,偏空｜外資現貨大賣；投信買超,-1
2025-03-31,-378.54717204,81.65336812,-37.21478208,-183.15232341,-517.26090941,-220.36710549,-702.0,-975.0,4763.0,5738.0,289.0,29165.0,37126.0,7961.0,5890.0,-29313.0,18157.0,47470.0,6039.0,-12242.0,63280.0,57241.0,-15.0,0.0,40.0,55.0,7960.0,1091.0,23689.0,15729.0,-1667.0,-476.0,40406.0,42073.0,50.0,0.0,50.0,0.0,13697.0,2480.0,30395.0,16698.0,1.2830849761492675,-1041.27480916,235.09267389999997,-428.88025137,-1235.0623866300002,7384.0,偏多｜外資現貨大賣；外資期貨淨多增；現貨賣／期貨多→可能回補或對沖,1
2025-04-01,-43.86891595,53.44076793,-13.25936455,-25.85668046,-29.54419303,-39.11604501,-125.0,-1227.0,4499.0,5726.0,1041.0,30206.0,37940.0,7734.0,-285.0,-29385.0,17363.0,46748.0,2994.0,-3045.0,66075.0,63081.0,-15.0,0.0,40.0,55.0,5880.0,-2080.0,26761.0,20881.0,-388.0,1279.0,48698.0,49086.0,50.0,0.0,50.0,0.0,13573.0,-124.0,31871.0,18298.0,1.1909495160868429,-1149.2347020199998,254.01053421,-471.22890935000004,-1366.45307716,-72.0,偏多｜投信買超,1
2025-04-02,-10.49361618,19.29076363,-5.99350539,-33.64042689,-30.83678483,-39.63393228,-386.0,-1591.0,4980.0,6571.0,-406.0,29800.0,37531.0,7731.0,3448.0,-24285.0,19514.0,43799.0,14394.0,-6250.0,49399.0,35005.0,-15.0,0.0,40.0,55.0,5772.0,564.0,23932.0,18160.0,-2461.0,-13221.0,28408.0,30869.0,50.0,0.0,50.0,0.0,14600.0,1938.0,29445.0,14845.0,1.2303610228982116,-1157.46703574,238.08870788,-519.39280494,-1438.7711328,5100.0,偏多｜外資期貨淨多增；現貨賣／期貨多→可能回補或對沖,1
2025-04-07,168.21023092,-2.3639461,-4.44586822,-4.59128209,156.80913451,-9.03715031,-282.0,-1852.0,4603.0,6455.0,0.0,29800.0,37531.0,7731.0,-425.0,-25151.0,18576.0,43727.0,15203.0,809.0,57338.0,42135.0,60.0,75.0,60.0,0.0,8616.0,2844.0,27816.0,19200.0,-9475.0,-7014.0,27270.0,36745.0,40.0,-10.0,40.0,0.0,8607.0,-5993.0,29906.0,21299.0,1.075136612021858,-601.3851720499998,182.89008443,-468.3200549,-886.8151425200001,-866.0,偏多｜外資現貨大買,1
2025-04-08,-341.83001627,-17.08643095,4.1767186,-130.89962471,-485.63935333,-126.72290611,2763.0,932.0,5590.0,4658.0,-2144.0,27656.0,38117.0,10461.0,-4824.0,-30077.0,18277.0,48354.0,-10803.0,-26006.0,61076.0,71879.0,60.0,0.0,60.0,0.0,1305.0,-7311.0,27174.0,25869.0,6750.0,16225.0,41965.0,35215.0,20.0,-20.0,20.0,0.0,12237.0,3630.0,33703.0,21466.0,1.2402664311474203,-606.5294895199999,134.93452263,-434.8771392,-906.4721060900001,-4926.0,偏空確認｜外資現貨大賣；外資期貨淨空增,-2
2025-04-09,-356.41379997,-9.80763959,-34.9329326,-68.25585386,-469.41022602,-103.18878646,1727.0,2358.0,6784.0,4426.0,-331.0,27325.0,38173.0,10848.0,2270.0,-27871.0,19331.0,47202.0,-7304.0,-44136.0,46743.0,54047.0,40.0,-20.0,60.0,20.0,3810.0,1004.0,25723.0,21913.0,5796.0,-6244.0,31049.0,25253.0,110.0,90.0,110.0,0.0,9468.0,-2998.0,29433.0,19965.0,1.1442289002060413,-584.3961174499998,43.47351492,-317.69882017,-858.6214227,2206.0,中性／雜訊｜外資現貨大賣；外資期貨淨多增；現貨賣／期貨多→可能回補或對沖,0
2025-04-10,-56.86895685,23.10161752,13.1165517,-51.31399418,-71.96478181,-38.19744248,-1365.0,996.0,6539.0,5543.0,-20.0,27305.0,38153.0,10848.0,3588.0,-22650.0,23058.0,45708.0,-7238.0,66.0,49376.0,56614.0,40.0,0.0,60.0,20.0,4190.0,380.0,26928.0,22738.0,4658.0,-1138.0,38397.0,33739.0,110.0,0.0,110.0,0.0,9076.0,-392.0,30285.0,21209.0,1.1246657754010696,-597.3961583499998,13.134364510000001,-316.78021764,-901.0420114800002,5221.0,偏多｜外資現貨大賣；外資期貨淨多增；現貨賣／期貨多→可能回補或對沖,1
2025-04-11,305.16668815,98.41494316,-26.87586488,-58.74046107,317.96530536,-85.61632595,-2492.0,-1477.0,5202.0,6679.0,5326.0,32631.0,40309.0,7678.0,-2612.0,-23548.0,24440.0,47988.0,5860.0,13098.0,56334.0,50474.0,20.0,-20.0,20.0,0.0,4552.0,362.0,29302.0,24750.0,5669.0,1011.0,43068.0,37399.0,110.0,0.0,110.0,0.0,9343.0,267.0,31844.0,22501.0,1.086751757559211,-281.73585401999986,92.25854404,-362.76261131,-552.2399212900001,-898.0,偏多確認｜外資現貨大買；投信買超,2
2025-04-14,-186.27027929,48.43390627,-82.19994219,-50.36871801,-270.40503322,-132.5686602,322.0,-963.0,6752.0,7715.0,302.0,32933.0,41504.0,8571.0,-227.0,-23883.0,22815.0,46698.0,2953.0,-2907.0,61212.0,58259.0,20.0,0.0,20.0,0.0,6514.0,1962.0,33879.0,27365.0,-6513.0,-12182.0,45688.0,52201.0,110.0,0.0,110.0,0.0,10415.0,1072.0,34236.0,23821.0,1.0105375011068805,-636.2163642299998,143.05639641000002,-486.2941212,-979.4540890200001,-335.0,偏空｜外資現貨大賣；投信買超,-1
2025-04-15,-4.89664693,25.48763075,-26.02918596,-44.02356853,-49.46177067,-70.05275449,-727.0,-1558.0,6706.0,8264.0,746.0,33679.0,42950.0,9271.0,1279.0,-22398.0,27727.0,50125.0,-3149.0,-6102.0,59841.0,62990.0,20.0,0.0,20.0,0.0,6044.0,-470.0,34716.0,28672.0,-17930.0,-11417.0,45585.0,63515.0,150.0,40.0,150.0,0.0,10562.0,147.0,35229.0,24667.0,1.01477704804701,-299.2829948899998,185.63045811,-429.62396958,-543.2765063600001,1485.0,偏多｜現貨賣／期貨多→可能回補或對沖；投信買超,1
2025-04-16,-210.07789335,7.4565961,-54.88728856,-87.45774941,-344.96633522,-142.34503797,1166.0,1171.0,4663.0,3492.0,-284.0,33403.0,44921.0,11518.0,-972.0,-28725.0,16129.0,44854.0,2015.0,-24673.0,23406.0,21391.0,0.0,0.0,0.0,0.0,3179.0,823.0,6839.0,3660.0,-3356.0,-12654.0,13948.0,17304.0,40.0,40.0,40.0,0.0,4934.0,703.0,6165.0,1231.0,0.9014475800555637,-152.94708826999982,202.89469380000003,-468.78022109000005,-418.8326155600002,-6327.0,偏空確認｜外資現貨大賣；外資期貨淨空增,-2
2025-04-17,-136.20816803,-16.12862273,-0.60245483,-28.93260476,-181.87185035,-29.53505959,-174.0,1009.0,4595.0,3586.0,1152.0,34555.0,46079.0,11524.0,-1086.0,-29870.0,15129.0,44999.0,1790.0,-225.0,31079.0,29289.0,-40.0,-40.0,0.0,40.0,3425.0,246.0,9366.0,5941.0,-95.0,3261.0,22424.0,22519.0,80.0,40.0,80.0,0.0,4237.0,-697.0,7280.0,3043.0,0.7772795216741405,-232.28629944999983,163.66445355,-460.11783820000005,-528.7396841000002,-1145.0,偏空｜外資現貨大賣；選擇權 PCR 偏低≤0.88（≈P20）,-1
2025-04-18,-151.99414766,19.6891104,-4.2459755,-23.00060177,-159.55161453,-27.24657727,5.0,1009.0,4484.0,3475.0,1.0,34556.0,46229.0,11673.0,846.0,-29062.0,16261.0,45323.0,2107.0,317.0,32953.0,30846.0,-40.0,0.0,0.0,40.0,2269.0,-1156.0,9563.0,7294.0,170.0,265.0,25534.0,25364.0,80.0,0.0,80.0,0.0,3561.0,-676.0,7400.0,3839.0,0.7738157481961727,-689.4471352599999,84.93862079,-401.74808952,-1006.2566039900001,808.0,偏空｜外資現貨大賣；選擇權 PCR 偏低≤0.88（≈P20）,-1
2025-04-21,-19.50534812,24.64807392,-15.67922751,-50.93124349,-61.4677452,-66.610471,-424.0,574.0,4583.0,4009.0,-690.0,33866.0,45876.0,12010.0,2549.0,-26570.0,18650.0,45220.0,5639.0,3532.0,37640.0,32001.0,-40.0,0.0,0.0,40.0,2905.0,636.0,10504.0,7599.0,595.0,425.0,26752.0,26157.0,80.0,0.0,80.0,0.0,3874.0,313.0,7731.0,3857.0,0.736005331302361,-522.6822040899998,61.15278844,-335.78990032,-797.31931597,2492.0,偏多確認｜外資期貨淨多增；現貨賣／期貨多→可能回補或對沖；投信買超,2
2025-04-22,-52.43129009,-5.137167,-5.10285025,-51.25154423,-113.92285157,-56.35439448,618.0,1274.0,5090.0,3816.0,-3647.0,30219.0,41910.0,11691.0,566.0,-27131.0,20010.0,47141.0,708.0,-4931.0,38746.0,38038.0,-40.0,0.0,0.0,40.0,2407.0,-498.0,11022.0,8615.0,-200.0,-795.0,30468.0,30668.0,80.0,0.0,80.0,0.0,3543.0,-331.0,9021.0,5478.0,0.8184540010887317,-570.2168472499999,30.527990690000003,-322.09154031,-861.7803968700001,-561.0,偏空｜外資現貨大賣；選擇權 PCR 偏低≤0.88（≈P20）,-1
2025-04-23,263.70251674,29.88630916,-5.1936816,6.47781446,294.87295876,1.28413286,-788.0,551.0,5169.0,4618.0,2897.0,33116.0,43496.0,10380.0,-718.0,-27745.0,21290.0,49035.0,606.0,-15825.0,29587.0,28981.0,-40.0,0.0,0.0,40.0,7206.0,4797.0,12511.0,5305.0,-1118.0,-25489.0,18429.0,19547.0,80.0,0.0,80.0,0.0,4841.0,-1244.0,7559.0,2718.0,0.6041883142834306,-96.43643715999985,52.95770375,-178.46236948,-221.94110289000008,-614.0,偏多確認｜外資現貨大買；投信買超；選擇權 PCR 偏低≤0.88（≈P20）,2
2025-04-24,-62.08837316,19.73321186,-12.7197825,-23.05351295,-78.12845675,-35.77329545,172.0,692.0,4998.0,4306.0,157.0,33273.0,43225.0,9952.0,464.0,-27358.0,18921.0,46279.0,1282.0,676.0,34794.0,33512.0,-40.0,0.0,0.0,40.0,6541.0,-665.0,13922.0,7381.0,1719.0,2837.0,22350.0,20631.0,80.0,0.0,80.0,0.0,4791.0,-50.0,9068.0,4277.0,0.6513431978164057,-22.316642289999862,88.81953834,-184.70060534,-118.19770929000009,387.0,偏空｜外資現貨大賣；選擇權 PCR 偏低≤0.88（≈P20）,-1
2025-04-25,145.68194329,41.49661742,1.96687597,25.423173,214.56860968,27.39004897,-844.0,-134.0,4995.0,5129.0,871.0,34144.0,42775.0,8631.0,1397.0,-23698.0,20681.0,44379.0,-1325.0,-2607.0,35154.0,36479.0,-40.0,0.0,0.0,40.0,10144.0,3603.0,17825.0,7681.0,-3058.0,-4777.0,26032.0,29090.0,80.0,0.0,80.0,0.0,4150.0,-641.0,9932.0,5782.0,0.557194950911641,275.3594486600001,110.62704536000001,-130.0639791,255.9225149199999,3660.0,偏多確認｜外資現貨大買；外資期貨淨多增；投信買超,2
2025-04-28,58.6667529,23.51778701,-0.24571972,-3.48703525,78.45178494,-3.73275497,389.0,263.0,5153.0,4890.0,-138.0,34006.0,42526.0,8520.0,-1072.0,-24770.0,19042.0,43812.0,-2823.0,-1498.0,36861.0,39684.0,-40.0,0.0,0.0,40.0,10955.0,811.0,20033.0,9078.0,-2967.0,91.0,29329.0,32296.0,80.0,0.0,80.0,0.0,3543.0,-607.0,10523.0,6980.0,0.5252832825837368,353.5315496800001,109.49675845000002,-67.18626307000001,395.8420450599999,-1072.0,偏多｜外資現貨大買；現貨買／期貨空→偏避險；投信買超,1
2025-04-29,93.81548288,1.85524909,4.57288504,-8.01341583,92.23020118,-3.44053079,265.0,529.0,5481.0,4952.0,430.0,34436.0,42764.0,8328.0,-596.0,-25366.0,19183.0,44549.0,-7714.0,-4891.0,36240.0,43954.0,-40.0,0.0,0.0,40.0,12732.0,1777.0,22693.0,9961.0,-2077.0,890.0,31887.0,33964.0,80.0,0.0,80.0,0.0,4126.0,583.0,11504.0,7378.0,0.5069404662230644,499.7783226500002,116.48917454,-14.27239938,601.99509781,-596.0,偏多｜外資現貨大買；選擇權 PCR 偏低≤0.88（≈P20）,1
2025-04-30,-16.56896976,-1.00884084,-30.73528875,-51.06002062,-99.37311997,-81.79530937,-864.0,-283.0,4941.0,5224.0,-70.0,34366.0,42969.0,8603.0,2550.0,-22730.0,18881.0,41611.0,412.0,-3016.0,28621.0,28209.0,-40.0,0.0,0.0,40.0,10557.0,-930.0,17275.0,6718.0,-4701.0,-11394.0,21158.0,25859.0,80.0,0.0,80.0,0.0,4967.0,31.0,8672.0,3705.0,0.5019971056439942,219.50683615000014,85.59402454,-97.35184161,207.74901907999987,2636.0,偏多｜外資期貨淨多增；現貨賣／期貨多→可能回補或對沖；選擇權 PCR 偏低≤0.88（≈P20）,1
2025-05-02,387.73013562,8.6823942,-1.64395866,-8.92641385,385.84215731,-10.57037251,-1322.0,-1605.0,4977.0,6582.0,990.0,35356.0,43453.0,8097.0,-333.0,-22913.0,20118.0,43031.0,3800.0,3388.0,35573.0,31773.0,-40.0,0.0,0.0,40.0,14096.0,3539.0,23132.0,9036.0,-3597.0,1104.0,33152.0,36749.0,120.0,40.0,120.0,0.0,5058.0,91.0,10960.0,5902.0,0.4738025246411897,669.3253449300001,74.54320688,-72.14891867,671.7196331399998,-183.0,偏多｜外資現貨大買；選擇權 PCR 偏低≤0.88（≈P20）,1
2025-05-05,244.40856662,-12.23727418,-34.99496715,-76.63274194,120.54358335,-111.62770909,1279.0,-339.0,5599.0,5938.0,479.0,35835.0,44767.0,8932.0,-3199.0,-26159.0,17950.0,44109.0,1751.0,-2049.0,43584.0,41833.0,-40.0,0.0,0.0,40.0,15120.0,1024.0,25473.0,10353.0,6012.0,9609.0,42466.0,36454.0,120.0,0.0,120.0,0.0,5067.0,9.0,13418.0,8351.0,0.5267538177678326,768.0519682600001,20.80931528,-211.16667673,577.6946068099999,-3246.0,偏空｜外資現貨大買；外資期貨淨空增；現貨買／期貨空→偏避險,-1
2025-05-06,157.53975154,8.83716015,-44.11838496,-73.83514479,48.42338194,-117.95352975,1238.0,942.0,6549.0,5607.0,554.0,36389.0,45993.0,9604.0,-3187.0,-31157.0,18527.0,49684.0,2324.0,573.0,40964.0,38640.0,-40.0,0.0,0.0,40.0,14736.0,-384.0,25516.0,10780.0,5202.0,-810.0,46061.0,40859.0,120.0,0.0,120.0,0.0,5532.0,465.0,14059.0,8527.0,0.5509876156137326,866.9249669000002,6.12868842,-325.38745151,547.6662038099998,-4998.0,偏空｜外資現貨大買；外資期貨淨空增；現貨買／期貨空→偏避險,-1
2025-05-07,136.45290933,-28.99850467,-34.94239647,-65.00736941,7.50463878,-99.94976588,-54.0,894.0,6160.0,5266.0,24.0,36413.0,47116.0,10703.0,514.0,-30643.0,19556.0,50199.0,6589.0,-5194.0,36737.0,30148.0,-840.0,-800.0,0.0,840.0,12025.0,-1849.0,20817.0,8792.0,-2892.0,-2891.0,25496.0,28388.0,120.0,0.0,120.0,0.0,4183.0,-553.0,10222.0,6039.0,0.49104097612528225,909.5623933500001,-24.72506534,-421.8966866,462.9406414099999,514.0,偏多｜外資現貨大買；投信賣超；選擇權 PCR 偏低≤0.88（≈P20）,1
2025-05-08,14.84409718,7.88265076,-1.39650026,-13.84905426,7.48119342,-15.24555452,-913.0,-28.0,6370.0,6398.0,1280.0,37693.0,48222.0,10529.0,541.0,-30020.0,21531.0,51551.0,9996.0,3407.0,44313.0,34317.0,-840.0,0.0,0.0,840.0,11533.0,-492.0,23159.0,11626.0,-1692.0,1200.0,30063.0,31755.0,120.0,0.0,120.0,0.0,3489.0,-694.0,13114.0,9625.0,0.5662593376225226,940.9754602900001,-15.833573739999999,-355.34693175,569.7949547999998,623.0,中性／雜訊｜選擇權 PCR 偏低≤0.88（≈P20）,0
2025-05-09,227.32275401,14.0990906,-2.20943954,-1.80328897,237.4091161,-4.01272851,-922.0,-968.0,6757.0,7725.0,1479.0,39172.0,49093.0,9921.0,-3319.0,-33271.0,20668.0,53939.0,7343.0,-2653.0,43010.0,35667.0,-840.0,0.0,0.0,840.0,13276.0,1743.0,25884.0,12608.0,2062.0,3754.0,33902.0,31840.0,120.0,0.0,120.0,0.0,3323.0,-166.0,14377.0,11054.0,0.5554396538402102,780.5680786800002,-10.41687734,-348.78928775,421.36191358999986,-3251.0,偏空｜外資現貨大買；外資期貨淨空增；現貨買／期貨空→偏避險,-1
2025-05-12,166.18482149,26.32887907,-1.81163365,-19.23306428,171.46900263,-21.04469793,-84.0,-1080.0,6867.0,7947.0,1677.0,40849.0,50802.0,9953.0,-3403.0,-36747.0,20937.0,57684.0,7705.0,362.0,41919.0,34214.0,-840.0,0.0,0.0,840.0,13812.0,536.0,28098.0,14286.0,5137.0,3075.0,40462.0,35325.0,120.0,0.0,120.0,0.0,2577.0,-746.0,16337.0,13760.0,0.5814292832230052,702.3443335500002,28.14927591,-258.20627659,472.2873328699999,-3476.0,中性／雜訊｜外資現貨大買；外資期貨淨空增；現貨買／期貨空→偏避險,0
2025-05-13,151.56583067,13.27064143,13.42609716,9.55688579,187.81945505,22.98298295,-1843.0,-2952.0,6164.0,9116.0,1394.0,42243.0,51991.0,9748.0,243.0,-36513.0,19749.0,56262.0,8724.0,1019.0,46387.0,37663.0,-800.0,40.0,0.0,800.0,10690.0,-3122.0,26748.0,16058.0,-8134.0,-13271.0,41652.0,49786.0,120.0,0.0,120.0,0.0,1093.0,-1484.0,17977.0,16884.0,0.6720876327202033,696.3704126800001,32.582757189999995,-117.26976389,611.6834059799999,234.0,偏多｜外資現貨大買；選擇權 PCR 偏低≤0.88（≈P20）,1
2025-05-14,446.92333399,31.92385728,67.16037214,74.93151429,620.9390777,142.09188643,-736.0,-3700.0,5423.0,9123.0,945.0,43188.0,52736.0,9548.0,11.0,-36283.0,20967.0,57250.0,4063.0,-2806.0,31854.0,27791.0,-800.0,0.0,0.0,800.0,11920.0,1794.0,24087.0,12167.0,-3785.0,-25680.0,30291.0,34076.0,120.0,0.0,120.0,0.0,810.0,-1640.0,15958.0,15148.0,0.6625150496118238,1006.8408373400001,93.50511914,124.77188841999998,1225.1178449,230.0,偏多確認｜外資現貨大買；投信買超；選擇權 PCR 偏低≤0.88（≈P20）,2
2025-05-15,75.10831566,18.83468175,0.88037924,-4.71768025,90.1056964,-3.83730101,390.0,-3327.0,4779.0,8106.0,-132.0,43056.0,52652.0,9596.0,-866.0,-37208.0,20419.0,57627.0,3208.0,-855.0,36459.0,33251.0,-800.0,0.0,0.0,800.0,11809.0,-111.0,26167.0,14358.0,-315.0,3470.0,39951.0,40266.0,120.0,0.0,120.0,0.0,-1082.0,-1892.0,20407.0,21489.0,0.7798754155998012,1067.1050558200002,104.45715013,136.18014193,1307.74234788,-925.0,偏多｜外資現貨大買；選擇權 PCR 偏低≤0.88（≈P20）,1
2025-05-16,156.89717026,-31.95099636,9.68653876,-15.75704453,118.87566813,-6.07050577,158.0,-3164.0,4644.0,7808.0,-6.0,43050.0,52834.0,9784.0,-8.0,-37207.0,20970.0,58177.0,213.0,-2995.0,35664.0,35451.0,-800.0,0.0,0.0,800.0,11427.0,-382.0,26237.0,14810.0,520.0,835.0,43759.0,43239.0,120.0,0.0,120.0,0.0,-1905.0,-823.0,22191.0,24096.0,0.8457902961466631,996.6794720700002,58.40706317,134.12236467,1189.20889991,1.0,偏多｜外資現貨大買；投信賣超；選擇權 PCR 偏低≤0.88（≈P20）,1
2025-05-19,-130.50015446,3.52816797,-4.29381171,-35.8668962,-167.1326944,-40.16070791,375.0,-2820.0,4797.0,7617.0,-591.0,42459.0,52569.0,10110.0,-422.0,-37713.0,23408.0,61121.0,470.0,257.0,36868.0,36398.0,-800.0,0.0,0.0,800.0,10146.0,-1281.0,27033.0,16887.0,1297.0,777.0,45930.0,44633.0,120.0,0.0,120.0,0.0,-1636.0,269.0,23485.0,25121.0,0.8687530055857655,699.9944961200001,35.60635207,115.00635469,850.6072028799999,-506.0,偏空｜外資現貨大賣；選擇權 PCR 偏低≤0.88（≈P20）,-1
2025-05-20,53.54952291,3.89397297,15.93323342,-1.84806908,71.52866022,14.08516434,54.0,-2814.0,4254.0,7068.0,749.0,43208.0,53323.0,10115.0,-151.0,-37844.0,31993.0,69837.0,-3829.0,-4299.0,34560.0,38389.0,-800.0,0.0,0.0,800.0,10128.0,-18.0,28345.0,18217.0,270.0,-1027.0,46971.0,46701.0,120.0,0.0,120.0,0.0,-3417.0,-1781.0,23305.0,26722.0,0.822190862585994,601.9781883600002,26.229683610000002,106.10853608,734.3164080499998,-131.0,偏多｜外資現貨大買；選擇權 PCR 偏低≤0.88（≈P20）,1
2025-05-21,302.31924243,50.46246041,6.0098883,29.941068,388.73265914,35.9509563,-1433.0,-1471.0,2812.0,4283.0,878.0,44099.0,55130.0,11031.0,2303.0,-38846.0,21562.0,60408.0,376.0,3450.0,18514.0,18138.0,0.0,0.0,0.0,0.0,-504.0,51.0,8219.0,8723.0,-6814.0,-26067.0,16232.0,23046.0,0.0,0.0,0.0,0.0,-2955.0,-4591.0,8183.0,11138.0,0.9956199050979437,457.37409680000013,44.76828674,-0.03239405000000062,502.1099894899999,-1002.0,偏多｜外資現貨大買；現貨買／期貨空→偏避險；投信買超,1
2025-05-22,24.40725883,46.14821573,-19.09339759,-26.45782091,25.00425606,-45.5512185,525.0,-965.0,3741.0,4706.0,-977.0,43122.0,54661.0,11539.0,-1666.0,-40656.0,22266.0,62922.0,3607.0,3231.0,25574.0,21967.0,0.0,0.0,0.0,0.0,-1918.0,-1414.0,10762.0,12680.0,-1540.0,5274.0,23711.0,25251.0,0.0,0.0,0.0,0.0,-4867.0,-1912.0,10079.0,14946.0,0.9365359598587623,406.6730399700001,72.08182072,-41.74631154,437.0085491499999,-1810.0,偏空｜外資期貨淨空增；現貨買／期貨空→偏避險；投信買超,-1
2025-05-23,-30.32049629,64.04944983,-18.75062485,-49.53497819,-34.5566495,-68.28560304,317.0,-658.0,4111.0,4769.0,-895.0,42227.0,53893.0,11666.0,487.0,-40117.0,21597.0,61714.0,4053.0,446.0,28289.0,24236.0,-317.0,-317.0,0.0,317.0,-2816.0,-898.0,11742.0,14558.0,-3881.0,-2341.0,25177.0,29058.0,0.0,0.0,0.0,0.0,-7085.0,-2218.0,10704.0,17789.0,0.911599386816556,219.45537342000011,168.08226691,-103.96140881,283.5762315199999,539.0,偏多｜投信買超,1
2025-05-26,132.66356179,25.30055644,-51.74294017,-66.54969095,39.67148711,-118.29263112,2114.0,1582.0,5784.0,4202.0,-418.0,41809.0,54270.0,12461.0,-1614.0,-41757.0,22250.0,64007.0,-76.0,-4129.0,30782.0,30858.0,-317.0,0.0,0.0,317.0,-1992.0,824.0,13645.0,15637.0,582.0,4463.0,29094.0,28512.0,0.0,0.0,0.0,0.0,-8189.0,-1104.0,11369.0,19558.0,0.833198973983144,482.6190896700001,189.85465538,-182.09333202,490.3804130299999,-1640.0,中性／雜訊｜外資現貨大買；外資期貨淨空增；現貨買／期貨空→偏避險,0
2025-05-27,-102.70949809,42.04545078,-60.49217873,-66.02968152,-187.18590756,-126.52186025,1236.0,2853.0,7182.0,4329.0,-915.0,40894.0,54182.0,13288.0,-1582.0,-43507.0,22307.0,65814.0,-3301.0,-3225.0,33200.0,36501.0,-317.0,0.0,0.0,317.0,-3017.0,-1025.0,15806.0,18823.0,7532.0,6950.0,35837.0,28305.0,40.0,40.0,40.0,0.0,-8774.0,-585.0,12000.0,20774.0,0.7592053650512464,326.36006867000015,228.00613319,-322.70035661000003,231.6658452499999,-1750.0,偏空確認｜外資現貨大賣；外資期貨淨空增；投信買超,-2
2025-05-28,-7.86893672,17.98696776,-11.07263902,-15.62447331,-16.57908129,-26.69711233,-293.0,2575.0,7170.0,4595.0,202.0,41096.0,54393.0,13297.0,1318.0,-43204.0,22262.0,65466.0,3633.0,-11122.0,25976.0,22343.0,-317.0,0.0,0.0,317.0,-3160.0,-3933.0,10433.0,13593.0,1467.0,-10430.0,23327.0,21860.0,40.0,0.0,40.0,0.0,-5964.0,1317.0,11134.0,17098.0,1.0671906450685325,16.171889520000157,195.53064054,-385.34842524,-173.6458951800001,303.0,中性／雜訊,0
2025-05-29,-206.65895205,78.14352765,36.68018623,24.15460484,-67.68063333,60.83479107,628.0,3199.0,7570.0,4371.0,-1276.0,39820.0,53104.0,13284.0,-3681.0,-47014.0,21510.0,68524.0,2176.0,-1457.0,32294.0,30118.0,-317.0,0.0,0.0,317.0,-4164.0,-1004.0,12291.0,16455.0,5866.0,4399.0,32142.0,26276.0,40.0,0.0,40.0,0.0,-6396.0,-432.0,12955.0,19351.0,1.0540232690586608,-214.89432135999985,227.52595245999998,-278.96241567,-266.3307845700001,-3810.0,偏空確認｜外資現貨大賣；外資期貨淨空增；投信買超,-2
2025-06-02,-538.6946362,97.09673591,-25.02961281,-80.36484463,-546.99235773,-105.39445744,589.0,3792.0,8751.0,4959.0,-2100.0,37720.0,51504.0,13784.0,2568.0,-45393.0,21144.0,66537.0,-3550.0,-5726.0,34508.0,38058.0,-317.0,0.0,0.0,317.0,-1891.0,2273.0,17739.0,19630.0,2365.0,-3501.0,33630.0,31265.0,60.0,20.0,60.0,0.0,-8208.0,-1812.0,15668.0,23876.0,0.8832515925362197,-723.2684612699999,260.57323854,-316.07127007,-778.7664928000002,1621.0,偏多｜外資現貨大賣；外資期貨淨多增；現貨賣／期貨多→可能回補或對沖,1
2025-06-03,-132.46218371,126.3226623,2.91747957,-7.51576282,-10.73780466,-4.59828325,-1208.0,2684.0,7268.0,4584.0,-1255.0,36465.0,50113.0,13648.0,5713.0,-39470.0,22652.0,62122.0,3178.0,6728.0,38443.0,35265.0,-317.0,0.0,0.0,317.0,-757.0,1134.0,19636.0,20393.0,-1190.0,-3555.0,34091.0,35281.0,60.0,0.0,60.0,0.0,-9472.0,-1264.0,16538.0,26010.0,0.8422285597881443,-988.3942067699999,361.59534440000004,-202.37692220000002,-829.1757845700001,5923.0,偏多｜外資現貨大賣；外資期貨淨多增；現貨賣／期貨多→可能回補或對沖,1
2025-06-04,203.37523472,47.864303,19.41292721,17.75399573,288.40646066,37.16692294,-600.0,2071.0,6770.0,4699.0,1528.0,37993.0,51121.0,13128.0,683.0,-37165.0,25042.0,62207.0,1646.0,-1335.0,24258.0,22612.0,-317.0,0.0,0.0,317.0,-2743.0,-437.0,14952.0,17695.0,1333.0,-18777.0,25791.0,24458.0,60.0,0.0,60.0,0.0,-7253.0,-2279.0,14043.0,21296.0,0.9392054574638844,-682.3094739599999,367.41419662,-38.688139010000015,-353.58341635000005,2305.0,偏多確認｜外資現貨大買；外資期貨淨多增；投信買超,2
2025-06-05,0.66325434,-23.61320616,2.70002873,-42.87423245,-63.12415554,-40.17420372,-321.0,1702.0,6776.0,5074.0,1399.0,39392.0,52445.0,13053.0,101.0,-37098.0,23708.0,60806.0,7846.0,6200.0,33555.0,25709.0,-317.0,0.0,0.0,317.0,-3948.0,-1205.0,18711.0,22659.0,-144.0,-1477.0,28268.0,28412.0,60.0,0.0,60.0,0.0,-7296.0,-43.0,17277.0,24573.0,0.9233605900272567,-673.7772828999999,325.8140227,-52.16523040000001,-400.1284906000001,67.0,偏空｜投信賣超,-1
2025-06-06,-136.73476019,37.2769812,-2.65006791,-21.90224425,-124.01009115,-24.55231216,191.0,1869.0,6896.0,5027.0,-1306.0,38086.0,51296.0,13210.0,-1363.0,-38541.0,22585.0,61126.0,8516.0,670.0,36403.0,27887.0,-317.0,0.0,0.0,317.0,-4219.0,-271.0,20292.0,24511.0,-8.0,136.0,30151.0,30159.0,60.0,0.0,60.0,0.0,-7762.0,-466.0,18043.0,25805.0,0.8891681450818056,-603.8530910399999,284.94747625,-137.55233363000002,-456.45794842000004,-1443.0,偏空｜外資現貨大賣；投信買超,-1
2025-06-09,-0.69101436,34.32096655,9.44750664,-8.31785766,34.75960117,1.12964898,267.0,2078.0,6919.0,4841.0,244.0,38330.0,51335.0,13005.0,-10.0,-38587.0,22939.0,61526.0,10780.0,2264.0,41685.0,30905.0,-317.0,0.0,0.0,317.0,-4524.0,-305.0,20268.0,24792.0,-1760.0,-1752.0,32252.0,34012.0,60.0,0.0,60.0,0.0,-8569.0,-807.0,18086.0,26655.0,0.8923426090388791,-65.84946919999987,222.17170689000002,-31.02822721000002,125.29401047999994,-46.0,偏多｜投信買超,1
2025-06-10,399.25702068,32.24348124,38.38462273,51.12712472,521.01224937,89.51174745,-2191.0,-120.0,5523.0,5643.0,1116.0,39446.0,52188.0,12742.0,1387.0,-37131.0,25901.0,63032.0,8851.0,-1929.0,43265.0,34414.0,-317.0,0.0,0.0,317.0,-1997.0,2527.0,23461.0,25458.0,-8406.0,-6646.0,38033.0,46439.0,60.0,0.0,60.0,0.0,-7433.0,1136.0,22072.0,29505.0,0.9407953625165167,465.86973519000014,128.09252583,63.081803489999984,657.0440645099999,1456.0,偏多確認｜外資現貨大買；投信買超,2
2025-06-11,79.29868757,46.50198969,8.78201354,12.6298299,147.2125207,21.41184344,-57.0,-182.0,5286.0,5468.0,78.0,39524.0,51944.0,12420.0,1320.0,-35730.0,25829.0,61559.0,7629.0,-4060.0,30494.0,22865.0,-317.0,0.0,0.0,317.0,-3549.0,-731.0,19905.0,23454.0,-3567.0,-11519.0,30865.0,34432.0,60.0,0.0,60.0,0.0,-3899.0,-3260.0,20177.0,24076.0,1.0136649083144937,341.79318804000013,126.73021252,47.326723989999984,515.8501245499999,1401.0,偏多確認｜外資現貨大買；投信買超,2
2025-06-12,3.54421187,-30.51000919,16.64347516,-12.74759004,-23.0699122,3.89588512,678.0,557.0,6345.0,5788.0,458.0,39982.0,52263.0,12281.0,-3087.0,-38976.0,22900.0,61876.0,5785.0,-1844.0,35476.0,29691.0,-317.0,0.0,0.0,317.0,-3407.0,142.0,21594.0,25001.0,2441.0,6008.0,34930.0,32489.0,60.0,0.0,60.0,0.0,-4388.0,-489.0,20927.0,25315.0,0.9691117903121237,344.6741455700001,119.83340949000001,91.39681282999999,555.9043678899999,-3246.0,偏空確認｜外資期貨淨空增；現貨買／期貨空→偏避險；投信賣超,-2
2025-06-13,-7.96594999,49.80380719,-57.84027636,-77.40219936,-93.40461852,-135.24247572,2993.0,3454.0,8415.0,4961.0,-623.0,39359.0,52445.0,13086.0,-2906.0,-42000.0,23361.0,65361.0,6598.0,813.0,40511.0,33913.0,-317.0,0.0,0.0,317.0,-4667.0,-1260.0,22829.0,27496.0,3682.0,1241.0,41153.0,37471.0,60.0,0.0,60.0,0.0,-3694.0,694.0,25502.0,29196.0,1.1170879144947217,473.44295577000014,132.36023548,-19.29335073,586.5098405199998,-3024.0,偏空｜外資期貨淨空增；投信買超,-1
2025-06-16,0.12914479,27.39590859,7.22676505,-64.72245905,-29.97064062,-57.495694,349.0,3975.0,8483.0,4508.0,-2569.0,36790.0,50018.0,13228.0,942.0,-41036.0,23505.0,64541.0,1685.0,-4913.0,40859.0,39174.0,-317.0,0.0,0.0,317.0,-6284.0,-1617.0,23587.0,29871.0,3072.0,-610.0,42787.0,39715.0,100.0,40.0,100.0,0.0,-5332.0,-1638.0,24818.0,30150.0,1.0521897655488193,474.26311492000013,125.43517752,-77.91869371,521.7795987299999,964.0,偏多｜投信買超,1
2025-06-17,62.18412461,83.17048999,-20.34595471,-81.43422165,43.57443824,-101.78017636,1048.0,4951.0,9090.0,4139.0,524.0,37314.0,51048.0,13734.0,-385.0,-41401.0,29056.0,70457.0,2900.0,1215.0,43915.0,41015.0,-317.0,0.0,0.0,317.0,-4838.0,1446.0,23842.0,28680.0,394.0,-2678.0,42576.0,42182.0,100.0,0.0,100.0,0.0,-6582.0,-1250.0,25034.0,31616.0,1.0499958057209966,137.19021885000018,176.36218627,-269.21061751999997,44.341787599999876,-365.0,偏多確認｜外資現貨大買；投信買超,2
2025-06-18,116.11435415,18.982477,-18.36514371,6.15747024,122.88915768,-12.20767347,-1173.0,5300.0,8189.0,2889.0,1010.0,38324.0,52201.0,13877.0,-1043.0,-45050.0,21552.0,66602.0,567.0,5615.0,15836.0,15269.0,0.0,0.0,0.0,0.0,-2081.0,1510.0,9580.0,11661.0,-2688.0,-17428.0,16689.0,19377.0,40.0,40.0,40.0,0.0,-3534.0,-1902.0,6790.0,10324.0,0.708768267223382,174.00588543000015,148.84267357999997,-302.83013443000004,20.018424579999873,-3649.0,偏空｜外資現貨大買；外資期貨淨空增；現貨買／期貨空→偏避險,-1
2025-06-19,-212.98548282,-20.75409754,-19.52929972,-33.41468524,-286.68356532,-52.94398496,587.0,5876.0,9059.0,3183.0,-730.0,37594.0,51361.0,13767.0,-223.0,-45386.0,18676.0,64062.0,-202.0,-769.0,20980.0,21182.0,0.0,0.0,0.0,0.0,-2079.0,2.0,11913.0,13992.0,-4679.0,-1991.0,20842.0,25521.0,40.0,0.0,40.0,0.0,-5153.0,-1619.0,7852.0,13005.0,0.6591118945689582,-42.52380925999981,158.59858522999997,-359.67000450999996,-243.59522854000014,-336.0,偏空確認｜外資現貨大賣；投信賣超；選擇權 PCR 偏低≤0.88（≈P20）,-2
2025-06-20,-49.14746317,12.52957217,-13.02337739,-45.26743169,-94.90870008,-58.29080908,211.0,6088.0,9464.0,3376.0,-142.0,37452.0,51439.0,13987.0,1015.0,-44461.0,19103.0,63564.0,-2108.0,-1906.0,23662.0,25770.0,0.0,0.0,0.0,0.0,-2199.0,-120.0,13886.0,16085.0,-4626.0,53.0,26286.0,30912.0,40.0,0.0,40.0,0.0,-5277.0,-124.0,10691.0,15968.0,0.769912141725479,-83.7053224399998,121.32435020999999,-282.71833787,-245.09931010000014,925.0,中性／雜訊｜選擇權 PCR 偏低≤0.88（≈P20）,0
2025-06-23,-148.82763941,29.76072821,4.02230095,-17.42029356,-132.46490381,-13.39799261,939.0,6993.0,10280.0,3287.0,1181.0,38633.0,52925.0,14292.0,709.0,-43797.0,20591.0,64388.0,-1165.0,943.0,27533.0,28698.0,0.0,0.0,0.0,0.0,-2750.0,-551.0,15116.0,17866.0,3915.0,8541.0,34519.0,30604.0,40.0,0.0,40.0,0.0,-5676.0,-399.0,11796.0,17472.0,0.7803651759724795,-232.6621066399998,123.68916983,-238.62063648,-347.59357329000017,664.0,偏空｜外資現貨大賣；投信買超；選擇權 PCR 偏低≤0.88（≈P20）,-1
2025-06-24,292.65439747,4.54295004,9.04369168,34.08640535,340.32744454,43.13009703,-1502.0,5454.0,9066.0,3612.0,1501.0,40134.0,53877.0,13743.0,208.0,-43493.0,22222.0,65715.0,4086.0,5251.0,33527.0,29441.0,0.0,0.0,0.0,0.0,-313.0,2437.0,19423.0,19736.0,-5665.0,-9580.0,34703.0,40368.0,40.0,0.0,40.0,0.0,-6077.0,-401.0,15082.0,21159.0,0.7765020851567729,-2.191833779999797,45.06162988,-93.71036309000002,-50.840566990000184,304.0,偏多｜外資現貨大買；選擇權 PCR 偏低≤0.88（≈P20）,1
2025-06-25,355.96556474,53.48838113,5.9103985,12.29769185,427.66203622,18.20809035,270.0,5717.0,9530.0,3813.0,1711.0,41845.0,55278.0,13433.0,-2368.0,-45816.0,22530.0,68346.0,-4000.0,-11203.0,19780.0,23780.0,0.0,0.0,0.0,0.0,91.0,2987.0,15281.0,15190.0,1232.0,-7401.0,22304.0,21072.0,40.0,0.0,40.0,0.0,-3547.0,-1671.0,11167.0,14714.0,0.7307767816242392,237.6593768100002,79.56753401,-63.29459927000001,253.93231154999984,-2323.0,中性／雜訊｜外資現貨大買；外資期貨淨空增；現貨買／期貨空→偏避險,0
2025-06-26,338.51794801,-38.82787776,-33.74897536,-76.14291663,189.79817826,-109.89189199,1498.0,7215.0,10874.0,3659.0,127.0,41972.0,55757.0,13785.0,-2868.0,-48788.0,23956.0,72744.0,-3378.0,622.0,26706.0,30084.0,0.0,0.0,0.0,0.0,-1148.0,-1239.0,16033.0,17181.0,3724.0,2492.0,28387.0,24663.0,40.0,0.0,40.0,0.0,-3479.0,68.0,12499.0,15978.0,0.7795796170398553,789.1628076400002,61.49375379,-120.24250630000003,730.4140551299998,-2972.0,偏空｜外資現貨大買；外資期貨淨空增；現貨買／期貨空→偏避險,-1
2025-06-27,333.73290402,26.34603923,-74.37319635,-78.42472109,207.28102581,-152.79791744,2064.0,9299.0,12922.0,3623.0,2076.0,44048.0,57968.0,13920.0,-3955.0,-52681.0,22618.0,75299.0,-7592.0,-4214.0,30522.0,38114.0,0.0,0.0,0.0,0.0,-1688.0,-540.0,17215.0,18903.0,8499.0,4775.0,35557.0,27058.0,40.0,0.0,40.0,0.0,-6012.0,-2533.0,13548.0,19560.0,0.7869880917804241,1172.0431748300002,75.31022085,-214.74961466000002,1032.6037810199998,-3893.0,中性／雜訊｜外資現貨大買；外資期貨淨空增；現貨買／期貨空→偏避險,0
2025-06-30,-24.18766199,-8.62413111,-18.89099205,12.17346942,-39.52931573,-6.71752263,-626.0,8720.0,12338.0,3618.0,1313.0,45361.0,59274.0,13913.0,613.0,-52001.0,23601.0,75602.0,-3164.0,4428.0,38575.0,41739.0,-40.0,-40.0,0.0,40.0,-2698.0,-1010.0,17145.0,19843.0,1788.0,-6711.0,36081.0,34293.0,80.0,40.0,80.0,0.0,-6655.0,-643.0,14688.0,21343.0,0.8566929133858268,1296.6831522500001,36.92536152999999,-208.06914468000002,1125.5393690999997,680.0,中性／雜訊｜選擇權 PCR 偏低≤0.88（≈P20）,0
2025-07-01,482.51282645,-46.92273184,25.40016767,64.54006361,525.53032589,89.94023128,-1897.0,6815.0,10814.0,3999.0,1487.0,46848.0,60622.0,13774.0,-404.0,-52517.0,25313.0,77830.0,13532.0,16696.0,52155.0,38623.0,-40.0,0.0,0.0,40.0,1009.0,3707.0,22070.0,21061.0,5000.0,3212.0,44223.0,39223.0,80.0,0.0,80.0,0.0,-6770.0,-115.0,17733.0,24503.0,0.8034888989578614,1486.5415812300002,-14.540320350000009,-161.25901043000005,1310.7422504499998,-516.0,偏多｜外資現貨大買；投信賣超；選擇權 PCR 偏低≤0.88（≈P20）,1
2025-07-02,61.00099895,-13.16321896,-1.58520703,13.01715997,59.26973293,11.43195294,660.0,7462.0,11348.0,3886.0,806.0,47654.0,61428.0,13774.0,-2418.0,-54946.0,21867.0,76813.0,-63.0,-9308.0,24956.0,25019.0,-340.0,-300.0,0.0,340.0,1373.0,1284.0,18708.0,17335.0,-664.0,-4801.0,25363.0,26027.0,80.0,0.0,80.0,0.0,-7075.0,-1687.0,11572.0,18647.0,0.6185589052811631,1191.5770154400002,-81.19192044,-168.03514784000004,942.3499471599998,-2429.0,偏空｜外資現貨大買；外資期貨淨空增；現貨買／期貨空→偏避險,-1
2025-07-03,296.23479139,-52.08363247,2.32923506,51.12230743,297.60270141,53.45154249,-1619.0,5835.0,10912.0,5077.0,1383.0,49037.0,62494.0,13457.0,2415.0,-51157.0,22377.0,73534.0,5819.0,5882.0,32794.0,26975.0,-340.0,0.0,0.0,340.0,871.0,-502.0,20479.0,19608.0,-2384.0,-1720.0,33393.0,35777.0,80.0,0.0,80.0,0.0,-8096.0,-1021.0,14277.0,22373.0,0.697153181307681,1149.2938588200002,-94.44767515000001,-4.691713360000016,1050.1544703099999,3789.0,偏多確認｜外資現貨大買；外資期貨淨多增；投信賣超,2
2025-07-04,5.54776863,-46.18370583,-3.15271128,5.16781024,-38.62083824,2.01509896,1622.0,7432.0,11492.0,4060.0,-526.0,48511.0,62185.0,13674.0,-3889.0,-55211.0,20056.0,75267.0,2648.0,-3171.0,34359.0,31711.0,-340.0,0.0,0.0,340.0,-2633.0,-3504.0,19068.0,21701.0,1120.0,3504.0,40443.0,39323.0,80.0,0.0,80.0,0.0,-8929.0,-833.0,14909.0,23838.0,0.7818858821061464,821.1087234300002,-166.97742021000002,150.12130303999996,804.2526062599999,-4054.0,偏空確認｜外資期貨淨空增；現貨買／期貨空→偏避險；投信賣超,-2
2025-07-07,-55.79015864,-23.86741813,5.84511057,16.39724837,-57.41521783,22.24235894,-262.0,7150.0,11178.0,4028.0,-594.0,47917.0,61619.0,13702.0,-1508.0,-56788.0,18162.0,74950.0,3624.0,976.0,42338.0,38714.0,-340.0,0.0,0.0,340.0,-5675.0,-3042.0,19972.0,25647.0,3573.0,2453.0,43024.0,39451.0,80.0,0.0,80.0,0.0,-10885.0,-1956.0,14922.0,25807.0,0.7471460044061686,789.5062267800002,-182.22070723000002,179.08118460999995,786.3667041599999,-1577.0,偏空確認｜外資現貨大賣；外資期貨淨空增；投信賣超,-2
2025-07-08,6.38792442,-1.33702376,11.10985468,33.6822612,49.84301654,44.79211588,659.0,7788.0,11338.0,3550.0,1322.0,49239.0,63182.0,13943.0,-693.0,-57530.0,18043.0,75573.0,6237.0,2613.0,45943.0,39706.0,-340.0,0.0,0.0,340.0,-7175.0,-1500.0,20891.0,28066.0,8760.0,5187.0,49215.0,40455.0,80.0,0.0,80.0,0.0,-13001.0,-2116.0,15747.0,28748.0,0.75376956584175,313.3813247500002,-136.63499915000003,133.93306920999996,310.6793948099999,-742.0,中性／雜訊｜選擇權 PCR 偏低≤0.88（≈P20）,0
2025-07-09,82.49323659,-2.97231786,1.81357958,26.20984447,107.54434278,28.02342405,-759.0,6916.0,10906.0,3990.0,980.0,50219.0,63952.0,13733.0,-400.0,-58711.0,16670.0,75381.0,803.0,-770.0,27771.0,26968.0,-340.0,0.0,0.0,340.0,-6863.0,-1581.0,16422.0,23285.0,2874.0,-16821.0,37199.0,34325.0,80.0,0.0,80.0,0.0,-12140.0,-3342.0,13271.0,25411.0,0.8081232492997199,334.8735623900002,-126.44409805000001,150.52454031999997,358.9540046599999,-1181.0,偏多｜外資現貨大買；現貨買／期貨空→偏避險；選擇權 PCR 偏低≤0.88（≈P20）,1
2025-07-10,101.12184462,0.72774205,-17.36608423,18.56352549,103.04702793,1.19744126,-982.0,5902.0,10478.0,4576.0,159.0,50378.0,63963.0,13585.0,2035.0,-56368.0,16897.0,73265.0,3910.0,3107.0,33992.0,30082.0,-340.0,0.0,0.0,340.0,-6278.0,585.0,18210.0,24488.0,3377.0,503.0,44427.0,41050.0,80.0,0.0,80.0,0.0,-13706.0,-1566.0,15327.0,29033.0,0.8416803953871499,139.76061562000024,-73.63272353000002,98.27043908999995,164.3983311799999,2343.0,偏多確認｜外資現貨大買；外資期貨淨多增；選擇權 PCR 偏低≤0.88（≈P20）,2
2025-07-11,170.55333325,-22.02313892,0.45013893,27.55147255,176.53180581,28.00161148,-234.0,5633.0,10507.0,4874.0,1595.0,51973.0,65376.0,13403.0,-1176.0,-57492.0,16583.0,74075.0,11600.0,2650.0,34965.0,23365.0,-340.0,0.0,0.0,340.0,-5807.0,104.0,18437.0,24244.0,4453.0,-6159.0,38705.0,34252.0,80.0,0.0,80.0,0.0,-10965.0,1526.0,17951.0,28916.0,0.9736399631176439,304.7661802400002,-49.47215662000001,124.25695160999996,379.55097522999995,-1124.0,中性／雜訊｜外資現貨大買；現貨買／期貨空→偏避險；投信賣超,0
2025-07-14,-27.4576226,-9.90359158,-75.62044083,-1.73248013,-114.71413514,-77.35292096,1064.0,6706.0,11210.0,4504.0,-662.0,51311.0,64969.0,13658.0,-2181.0,-59873.0,15888.0,75761.0,9979.0,-1621.0,38451.0,28472.0,-340.0,0.0,0.0,340.0,-4053.0,1754.0,21270.0,25323.0,12224.0,7771.0,47213.0,34989.0,80.0,0.0,80.0,0.0,-10037.0,928.0,19697.0,29734.0,0.9260460742830278,333.09871628000025,-35.50833007000001,24.66167170999995,322.2520579199999,-2381.0,偏空｜外資期貨淨空增,-1
2025-07-15,185.52334347,-4.50513764,-7.06925691,40.78131203,214.73026095,33.71205512,-941.0,5735.0,10213.0,4478.0,162.0,51473.0,64883.0,13410.0,4338.0,-55352.0,20444.0,75796.0,14662.0,4683.0,42813.0,28151.0,-40.0,300.0,0.0,40.0,-5407.0,-1354.0,20057.0,25464.0,13489.0,1265.0,53245.0,39756.0,80.0,0.0,80.0,0.0,-10573.0,-536.0,21067.0,31640.0,1.0503564840205415,512.2341353300002,-38.67644395000001,13.581610949999956,487.13930232999996,4521.0,偏多確認｜外資現貨大買；外資期貨淨多增,2
2025-07-16,139.04455627,25.31636541,4.00690308,74.59872347,242.96654823,78.60562655,-2585.0,3791.0,7231.0,3440.0,391.0,51864.0,64811.0,12947.0,2296.0,-53396.0,16792.0,70188.0,11047.0,4640.0,24989.0,13942.0,-40.0,-40.0,0.0,40.0,-761.0,-2012.0,8771.0,9532.0,4270.0,-25042.0,20655.0,16385.0,80.0,80.0,80.0,0.0,-3208.0,-879.0,5170.0,8378.0,0.5894424809029757,568.7854550100002,-10.38776068000001,64.16381344999995,622.5615077799999,1956.0,偏多確認｜外資現貨大買；外資期貨淨多增；投信買超,2
2025-07-17,4.91458351,-8.74370364,24.53813578,78.57338252,99.28239817,103.1115183,-133.0,3619.0,7292.0,3673.0,-1445.0,50419.0,62923.0,12504.0,1105.0,-52217.0,18670.0,70887.0,18390.0,7343.0,39923.0,21533.0,-40.0,0.0,0.0,40.0,577.0,1338.0,12829.0,12252.0,10850.0,6580.0,33844.0,22994.0,80.0,0.0,80.0,0.0,-2841.0,367.0,8600.0,11441.0,0.6703562241795931,472.5781939000002,-19.85920637000001,166.07789048999996,618.7968780199999,1179.0,中性／雜訊｜選擇權 PCR 偏低≤0.88（≈P20）,0
2025-07-18,310.07550251,33.75993489,15.09055597,60.07832761,419.00432098,75.16888358,-107.0,3497.0,7088.0,3591.0,-4864.0,45555.0,57751.0,12196.0,4253.0,-48010.0,19259.0,67269.0,9419.0,-8490.0,29608.0,20189.0,-40.0,0.0,0.0,40.0,517.0,-553.0,13472.0,12955.0,-2743.0,-11239.0,21239.0,23982.0,80.0,0.0,80.0,0.0,-3635.0,-1089.0,8665.0,12300.0,0.6431858669833729,612.1003631600001,35.92386743999999,213.24516258999995,861.2693931899998,4207.0,偏多確認｜外資現貨大買；外資期貨淨多增；投信買超,2
2025-07-21,41.29645295,-28.87288583,2.75771639,18.1045225,33.28580601,20.86223889,800.0,4309.0,7659.0,3350.0,-1902.0,43653.0,55902.0,12249.0,1566.0,-46556.0,18223.0,64779.0,14915.0,5496.0,38796.0,23881.0,-40.0,0.0,0.0,40.0,855.0,338.0,15317.0,14462.0,6885.0,9628.0,29835.0,22950.0,80.0,0.0,80.0,0.0,-3936.0,-301.0,9786.0,13722.0,0.6388979565189006,680.8544387100003,16.95457318999999,311.46032243999997,1009.26933434,1454.0,偏空｜投信賣超；選擇權 PCR 偏低≤0.88（≈P20）,-1
2025-07-22,100.24486454,-25.21022464,-2.45292697,45.41583822,117.99755115,42.96291125,-796.0,3507.0,7446.0,3939.0,-2035.0,41618.0,53693.0,12075.0,2068.0,-44594.0,20179.0,64773.0,9443.0,-5472.0,43202.0,33759.0,-40.0,0.0,0.0,40.0,838.0,-17.0,17919.0,17081.0,-1139.0,-8024.0,31424.0,32563.0,80.0,0.0,80.0,0.0,-2351.0,1585.0,12513.0,14864.0,0.6983090574250795,595.5759597800003,-3.7505138100000117,320.71117856999996,912.5366245399998,1962.0,偏多確認｜外資現貨大買；外資期貨淨多增；投信賣超,2
2025-07-23,84.3168885,-11.92160484,48.53666113,58.62569002,179.55763481,107.16235115,214.0,3726.0,7496.0,3770.0,-762.0,40856.0,52452.0,11596.0,-2116.0,-47841.0,19143.0,66984.0,255.0,-11826.0,22600.0,22345.0,-40.0,0.0,0.0,40.0,2951.0,1314.0,14420.0,11469.0,3894.0,-9950.0,25167.0,21273.0,80.0,0.0,80.0,0.0,-3227.0,-1664.0,6595.0,9822.0,0.4573509015256588,540.8482920100003,-40.98848406000001,349.26790316999995,849.12771112,-3247.0,偏空｜外資現貨大買；外資期貨淨空增；現貨買／期貨空→偏避險,-1
2025-07-24,101.52845989,-7.5546131,14.00866874,19.11770536,127.10022089,33.1263741,683.0,4272.0,7541.0,3269.0,-372.0,40484.0,51768.0,11284.0,-112.0,-47930.0,19288.0,67218.0,1804.0,1549.0,30055.0,28251.0,-40.0,0.0,0.0,40.0,4330.0,1379.0,17316.0,12986.0,12124.0,8230.0,36312.0,24188.0,80.0,0.0,80.0,0.0,-4325.0,-1098.0,7507.0,11832.0,0.4335296835296835,637.4621683900002,-39.79939352000001,279.28275897,876.9455338399999,-89.0,偏多｜外資現貨大買；選擇權 PCR 偏低≤0.88（≈P20）,1
2025-07-25,73.61205242,20.31030521,-10.94508289,21.81748453,104.79475927,10.87240164,173.0,4472.0,7725.0,3253.0,-1274.0,39210.0,50482.0,11272.0,621.0,-47417.0,20113.0,67530.0,-2477.0,-13735.0,26976.0,29453.0,-40.0,0.0,0.0,40.0,4153.0,-197.0,17722.0,13569.0,3946.0,-6063.0,27857.0,23911.0,80.0,0.0,80.0,0.0,-5584.0,-1441.0,7579.0,13163.0,0.42766053492833767,400.9987183000003,-53.24902320000001,214.98627702999994,562.7359721299999,513.0,偏多確認｜外資現貨大買；投信買超；選擇權 PCR 偏低≤0.88（≈P20）,2
2025-07-28,46.7539063,34.48784246,10.30527146,42.94125553,134.48827575,53.24652699,231.0,4703.0,7774.0,3071.0,-1650.0,37560.0,48754.0,11194.0,2357.0,-44979.0,21261.0,66240.0,-337.0,2140.0,33459.0,33796.0,-40.0,0.0,0.0,40.0,2942.0,-1211.0,19106.0,16164.0,9397.0,5451.0,35618.0,26221.0,80.0,0.0,80.0,0.0,-6878.0,-1294.0,10080.0,16958.0,0.5275829582330158,406.4561716500003,10.111705089999994,247.37056512999996,663.9384418699999,2438.0,偏多確認｜外資期貨淨多增；投信買超；選擇權 PCR 偏低≤0.88（≈P20）,2
2025-07-29,-165.33219311,38.37859356,13.9683574,51.71985163,-61.26539052,65.68820903,-1108.0,3584.0,6998.0,3414.0,-2900.0,34660.0,45773.0,11113.0,4216.0,-40876.0,21498.0,62374.0,1511.0,1848.0,39111.0,37600.0,-40.0,0.0,0.0,40.0,1000.0,-1942.0,18791.0,17791.0,11013.0,1616.0,41083.0,30070.0,80.0,0.0,80.0,0.0,-5154.0,1724.0,12761.0,17915.0,0.6791016976212016,140.8791140000003,73.70052328999999,270.09586290999994,484.67550019999993,4103.0,偏多｜外資現貨大賣；外資期貨淨多增；現貨賣／期貨多→可能回補或對沖,1
2025-07-30,141.1220409,14.37205201,13.16827555,40.56939563,209.23176409,53.73767118,-184.0,3386.0,7003.0,3617.0,-1545.0,33115.0,44056.0,10941.0,2926.0,-37831.0,22950.0,60781.0,6481.0,-4211.0,29590.0,23109.0,-40.0,0.0,0.0,40.0,2902.0,5245.0,14608.0,11706.0,10200.0,-12367.0,33679.0,23479.0,80.0,0.0,80.0,0.0,-6248.0,-3979.0,9038.0,15286.0,0.6187020810514786,197.6842664000003,99.99418014,216.67118293999997,514.34962948,3045.0,偏多確認｜外資現貨大買；外資期貨淨多增；選擇權 PCR 偏低≤0.88（≈P20）,2
2025-07-31,93.88571808,0.17825528,27.96495944,56.02641455,178.05534735,83.99137399,-685.0,2717.0,6481.0,3764.0,-821.0,32294.0,43027.0,10733.0,2975.0,-33644.0,26613.0,60257.0,10757.0,4276.0,42673.0,31916.0,-40.0,0.0,0.0,40.0,2489.0,-413.0,16253.0,13764.0,8001.0,-2199.0,44369.0,36368.0,80.0,0.0,80.0,0.0,-8460.0,-2212.0,10550.0,19010.0,0.6491109333661478,190.0415245900003,107.72704852,267.53618283,565.30475594,4187.0,偏多確認｜外資現貨大買；外資期貨淨多增；選擇權 PCR 偏低≤0.88（≈P20）,2
2025-08-01,-70.33238508,8.00724259,9.61593581,-5.8971899,-58.60639658,3.71874591,2011.0,4649.0,8083.0,3434.0,-608.0,31686.0,42435.0,10749.0,-3641.0,-39537.0,19393.0,58930.0,12479.0,-5960.0,38855.0,26376.0,-40.0,0.0,0.0,40.0,1442.0,-712.0,16263.0,14821.0,11189.0,3194.0,37998.0,26809.0,80.0,0.0,80.0,0.0,-7752.0,836.0,11463.0,19215.0,0.7048515034126545,46.097087090000315,95.42398589999999,260.38252709999995,401.90360009,-5893.0,偏空確認｜外資現貨大賣；外資期貨淨空增；選擇權 PCR 偏低≤0.88（≈P20）,-2
2025-08-04,113.03634679,23.05202788,-37.34917423,-61.1766253,37.56257514,-98.52579953,-235.0,4403.0,8404.0,4001.0,1037.0,32723.0,43629.0,10906.0,451.0,-39080.0,19178.0,58258.0,20152.0,7673.0,49401.0,29249.0,-40.0,0.0,0.0,40.0,1722.0,280.0,19373.0,17651.0,20881.0,9692.0,47515.0,26634.0,80.0,0.0,80.0,0.0,-8011.0,-259.0,14076.0,22087.0,0.7265782274299283,112.37952758000031,83.98817131999999,108.61020057999997,304.97789947999996,457.0,偏多確認｜外資現貨大買；投信買超；選擇權 PCR 偏低≤0.88（≈P20）,2
2025-08-05,114.8778018,36.66838413,-7.56873802,52.82308866,196.80053657,45.25435064,-1471.0,2942.0,7895.0,4953.0,162.0,32885.0,43526.0,10641.0,3531.0,-35329.0,22761.0,58090.0,16872.0,-3280.0,47780.0,30908.0,-40.0,0.0,0.0,40.0,5438.0,3716.0,23745.0,18307.0,17660.0,-3221.0,48819.0,31159.0,80.0,0.0,80.0,0.0,-10501.0,-2490.0,14798.0,25299.0,0.6232048852389976,392.5895224900003,82.27796189,88.17634218999997,563.04382657,3751.0,偏多確認｜外資現貨大買；外資期貨淨多增；投信買超,2
2025-08-06,-108.20572461,18.09040245,-9.66087319,-15.20057633,-114.97677168,-24.86144952,1099.0,4018.0,8112.0,4094.0,-1244.0,31641.0,42405.0,10764.0,-930.0,-36380.0,20044.0,56424.0,8743.0,-13279.0,33541.0,24798.0,-40.0,0.0,0.0,40.0,2951.0,-6521.0,16621.0,13670.0,14891.0,-5671.0,38874.0,23983.0,80.0,0.0,80.0,0.0,-8917.0,-830.0,10939.0,19856.0,0.6581433126767342,143.2617569800003,85.99631233,9.577221489999971,238.83529079999994,-1051.0,偏空｜外資現貨大賣；選擇權 PCR 偏低≤0.88（≈P20）,-1
2025-08-07,432.39484056,11.16606178,4.41533492,50.77117037,498.74740763,55.18650529,-1779.0,2177.0,7451.0,5274.0,539.0,32180.0,42441.0,10261.0,1459.0,-34789.0,24437.0,59226.0,11615.0,2872.0,43636.0,32021.0,-40.0,0.0,0.0,40.0,4970.0,2019.0,22227.0,17257.0,14173.0,-718.0,51796.0,37623.0,80.0,0.0,80.0,0.0,-9254.0,-337.0,14528.0,23782.0,0.6536194718135601,481.7708794600003,96.98411882999999,-19.22764721000003,559.5273510799999,1591.0,偏多確認｜外資現貨大買；外資期貨淨多增；選擇權 PCR 偏低≤0.88（≈P20）,2
2025-08-08,-32.56238186,-18.61859628,-1.64152695,14.5670241,-38.25548099,12.92549715,1017.0,3175.0,7496.0,4321.0,-614.0,31566.0,41816.0,10250.0,-2812.0,-37590.0,21099.0,58689.0,9152.0,-13491.0,38296.0,29144.0,-40.0,0.0,0.0,40.0,5026.0,-180.0,21601.0,16575.0,18895.0,3589.0,46436.0,27541.0,80.0,0.0,80.0,0.0,-10067.0,-825.0,13207.0,23274.0,0.611406879311143,519.5408826800003,70.35827996,-10.020895970000028,579.8782666699999,-2801.0,偏空｜外資期貨淨空增；選擇權 PCR 偏低≤0.88（≈P20）,-1
2025-08-11,-39.85502559,4.28896562,22.91157112,12.83339631,0.17890746,35.74496743,2.0,3163.0,7688.0,4525.0,-1420.0,30146.0,40172.0,10026.0,1892.0,-35575.0,21672.0,57247.0,21205.0,12053.0,52281.0,31076.0,-40.0,0.0,0.0,40.0,6980.0,1954.0,24127.0,17147.0,21415.0,2520.0,54467.0,33052.0,80.0,0.0,80.0,0.0,-11899.0,-1832.0,15116.0,27015.0,0.626518008869731,366.6495103000003,51.59521769999999,124.24987098999998,542.4945989899999,2015.0,偏多｜外資期貨淨多增；現貨賣／期貨多→可能回補或對沖；選擇權 PCR 偏低≤0.88（≈P20）,1
2025-08-12,-57.31106152,-0.61610845,0.34046489,4.4459249,-53.14078018,4.78638979,590.0,3751.0,7613.0,3862.0,-274.0,29872.0,39651.0,9779.0,273.0,-35302.0,21633.0,56935.0,19722.0,-1483.0,53254.0,33532.0,-40.0,0.0,0.0,40.0,7374.0,394.0,25135.0,17761.0,18011.0,-3404.0,55264.0,37253.0,80.0,0.0,80.0,0.0,-11575.0,324.0,16333.0,27908.0,0.6498110204893575,194.4606469800003,14.310725119999994,83.78191013999998,292.55328223999993,273.0,偏空｜外資現貨大賣；選擇權 PCR 偏低≤0.88（≈P20）,-1
2025-08-13,70.36580411,-15.02399863,-0.46578231,29.23632293,84.1123461,28.77054062,-613.0,3168.0,7490.0,4322.0,-538.0,29334.0,38802.0,9468.0,1554.0,-33570.0,22724.0,56294.0,17020.0,-2286.0,41882.0,24862.0,-40.0,0.0,0.0,40.0,8695.0,-1113.0,23464.0,14769.0,12859.0,-16238.0,43560.0,30701.0,80.0,0.0,80.0,0.0,-10511.0,-2352.0,13097.0,23608.0,0.5581742243436754,373.03217570000027,-18.803675960000007,137.41390027999998,491.64240001999997,1732.0,偏多確認｜外資現貨大買；外資期貨淨多增；選擇權 PCR 偏低≤0.88（≈P20）,2
2025-08-14,-44.60109509,-20.45083709,14.50404712,24.33779668,-26.21008838,38.8418438,945.0,4136.0,7748.0,3612.0,-706.0,28628.0,38098.0,9470.0,-679.0,-34379.0,21900.0,56279.0,13527.0,-3493.0,46362.0,32835.0,-40.0,0.0,0.0,40.0,8252.0,-443.0,24955.0,16703.0,17109.0,4250.0,54938.0,37829.0,159.0,79.0,159.0,0.0,-9097.0,1414.0,16060.0,25157.0,0.6435584051292326,-103.96375994999966,-50.42057483000001,121.06923878999997,-33.31509599000006,-809.0,偏空｜投信賣超；選擇權 PCR 偏低≤0.88（≈P20）,-1
2025-08-15,53.73846115,-33.56859132,18.67986315,7.07080356,45.92053654,25.75066671,206.0,4353.0,7991.0,3638.0,-2990.0,25638.0,34690.0,9052.0,145.0,-34207.0,20968.0,55175.0,10096.0,-10826.0,39427.0,29331.0,-40.0,0.0,0.0,40.0,8672.0,621.0,25384.0,16712.0,15031.0,-8463.0,48113.0,33082.0,159.0,0.0,159.0,0.0,-9466.0,-828.0,16327.0,25793.0,0.6432004412228175,-17.662916939999654,-65.37056987000001,133.89440834999996,50.86092153999994,172.0,偏多｜外資現貨大買；投信賣超；選擇權 PCR 偏低≤0.88（≈P20）,1
2025-08-18,46.38950093,17.31672993,9.85643242,-9.77775276,63.78491052,0.07867966,-833.0,3397.0,7404.0,4007.0,-18.0,25620.0,34564.0,8944.0,4421.0,-29626.0,26199.0,55825.0,10959.0,863.0,41870.0,30911.0,-40.0,0.0,0.0,40.0,8559.0,-113.0,26824.0,18265.0,10077.0,-4954.0,50908.0,40831.0,159.0,0.0,159.0,0.0,-8840.0,626.0,19164.0,28004.0,0.7144348344765882,68.58160958000033,-52.34280556000001,98.22812057999997,114.46692459999994,4581.0,偏多｜外資期貨淨多增；選擇權 PCR 偏低≤0.88（≈P20）,1
2025-08-19,-110.07665546,-16.42414216,-16.93738617,-44.15298242,-187.59116621,-61.09036859,868.0,4331.0,8365.0,4034.0,-444.0,25176.0,34198.0,9022.0,-2794.0,-32633.0,27019.0,59652.0,3501.0,-7458.0,44676.0,41175.0,-40.0,0.0,0.0,40.0,8115.0,-444.0,27057.0,18942.0,11479.0,1402.0,57279.0,45800.0,199.0,40.0,199.0,0.0,-7074.0,1766.0,21050.0,28124.0,0.7779872121816905,15.816015640000359,-68.15083927,32.35136219999999,-19.983461430000062,-3007.0,偏空確認｜外資現貨大賣；外資期貨淨空增；選擇權 PCR 偏低≤0.88（≈P20）,-2
2025-08-20,-626.68571933,-27.34736666,19.15367105,-55.40196143,-690.28137637,-36.24829038,2082.0,6099.0,9367.0,3268.0,-1426.0,23750.0,33256.0,9506.0,-4201.0,-35143.0,17105.0,52248.0,322.0,-31600.0,27026.0,26704.0,0.0,0.0,0.0,0.0,2617.0,-5967.0,7598.0,4981.0,2194.0,1913.0,25564.0,23370.0,0.0,-79.0,0.0,0.0,1090.0,845.0,8120.0,7030.0,1.0687022900763359,-681.2355077999996,-80.4742073,-32.667468800000016,-794.3771839000001,-2510.0,偏空確認｜外資現貨大賣；外資期貨淨空增；投信賣超,-2
2025-08-21,-100.78910548,16.04056355,10.99230232,13.07298361,-60.683256,24.06528593,-1106.0,4884.0,8640.0,3756.0,-139.0,23611.0,32923.0,9312.0,4609.0,-30387.0,19173.0,49560.0,3517.0,3195.0,33554.0,30037.0,-40.0,-40.0,0.0,40.0,4258.0,1641.0,12325.0,8067.0,2012.0,-182.0,35023.0,33011.0,40.0,40.0,40.0,0.0,-742.0,-1832.0,11577.0,12319.0,0.9393103448275862,-737.4235181899996,-43.98280666000001,-47.444026670000014,-828.85035152,4756.0,中性／雜訊｜外資現貨大賣；外資期貨淨多增；現貨賣／期貨多→可能回補或對沖,0
2025-08-22,-163.97993687,-11.63084639,-5.73635339,-4.53809804,-185.88523469,-10.27445143,-1309.0,3504.0,7778.0,4274.0,-406.0,23205.0,32582.0,9377.0,3637.0,-26735.0,21716.0,48451.0,7185.0,-10338.0,27603.0,20418.0,-40.0,0.0,0.0,40.0,4906.0,595.0,12210.0,7304.0,-2712.0,-7534.0,28673.0,31385.0,40.0,0.0,40.0,0.0,-510.0,294.0,10697.0,11207.0,0.8760851760851761,-955.1419162099996,-22.04506173,-83.46914481000002,-1060.6561227500001,3652.0,中性／雜訊｜外資現貨大賣；外資期貨淨多增；現貨賣／期貨多→可能回補或對沖,0
2025-08-25,241.14791914,32.3160625,13.84604238,43.49395688,330.8039809,57.33999926,285.0,3789.0,7815.0,4026.0,306.0,23511.0,32658.0,9147.0,-556.0,-25609.0,21711.0,47320.0,6889.0,-296.0,32445.0,25556.0,-40.0,0.0,0.0,40.0,5500.0,594.0,14889.0,9389.0,1688.0,4400.0,35915.0,34227.0,40.0,0.0,40.0,0.0,-2521.0,-2011.0,12158.0,14679.0,0.8165759957015246,-760.3834979999997,-7.0457291600000005,-26.20782521000001,-793.6370523700001,1126.0,偏多確認｜外資現貨大買；投信買超；選擇權 PCR 偏低≤0.88（≈P20）,2
2025-08-26,-145.08100864,-24.25226828,3.35292654,29.88533201,-136.09501837,33.23825855,966.0,4754.0,8257.0,3503.0,-365.0,23146.0,32292.0,9146.0,-1423.0,-27132.0,20592.0,47724.0,4716.0,-2173.0,37506.0,32790.0,-40.0,0.0,0.0,40.0,3532.0,-1968.0,15502.0,11970.0,3435.0,1747.0,39205.0,35770.0,40.0,0.0,40.0,0.0,-170.0,2351.0,15853.0,16023.0,1.022642239711005,-795.3878511799996,-14.87385528,68.12080192999997,-742.14090453,-1523.0,偏空確認｜外資現貨大賣；外資期貨淨空增；投信賣超,-2
2025-08-27,-19.47570889,-16.47591422,28.1525936,82.49447023,74.69544072,110.64706383,-1693.0,3106.0,7365.0,4259.0,16.0,23162.0,32122.0,8960.0,2196.0,-24771.0,22813.0,47584.0,6132.0,6267.0,25552.0,19420.0,-40.0,0.0,0.0,40.0,4062.0,1922.0,11210.0,7148.0,2793.0,-25470.0,29148.0,26355.0,40.0,0.0,40.0,0.0,-656.0,-1880.0,10038.0,10694.0,0.895450490633363,-188.17784073999965,-4.002402840000002,215.01615613999996,22.83591255999997,2361.0,偏多｜外資期貨淨多增；現貨賣／期貨多→可能回補或對沖,1
2025-08-28,-95.20531049,-27.60035692,-2.37115928,-11.11771071,-136.2945374,-13.48886999,1928.0,5034.0,8505.0,3471.0,-446.0,22716.0,31805.0,9089.0,-1217.0,-26087.0,21168.0,47255.0,6032.0,-100.0,34357.0,28325.0,-40.0,0.0,0.0,40.0,2689.0,-1373.0,12852.0,10163.0,6537.0,3744.0,39453.0,32916.0,40.0,0.0,40.0,0.0,1022.0,1678.0,14413.0,13391.0,1.1214596949891067,-182.59404574999968,-47.64332331,177.46200021999996,-52.77536884000003,-1316.0,偏空確認｜外資現貨大賣；投信賣超,-2
2025-08-29,-86.35002338,-3.35109173,4.43164972,-1.0941848,-86.36365019,3.33746492,-985.0,4047.0,7742.0,3695.0,240.0,22956.0,32047.0,9091.0,-288.0,-26309.0,21342.0,47651.0,5818.0,-11708.0,28444.0,22626.0,-40.0,0.0,0.0,40.0,3585.0,1584.0,12828.0,9243.0,-4821.0,-15752.0,30954.0,35775.0,40.0,0.0,40.0,0.0,88.0,-761.0,13578.0,13490.0,1.058465855940131,-104.96413225999967,-39.36356865,191.07391657,46.746215659999976,-222.0,偏空｜外資現貨大賣,-1
2025-09-01,-76.66900296,-30.59842787,-27.51433877,-81.15680864,-215.93857824,-108.67114741,2.0,4049.0,8280.0,4231.0,-523.0,22433.0,31754.0,9321.0,-249.0,-26664.0,21375.0,48039.0,5736.0,-82.0,36830.0,31094.0,-40.0,0.0,0.0,40.0,4956.0,1371.0,17387.0,12431.0,1804.0,6625.0,40212.0,38408.0,40.0,0.0,40.0,0.0,727.0,639.0,16409.0,15682.0,0.943751078391902,-422.7810543599997,-102.27805902,25.062769899999978,-499.99634348000006,-355.0,偏空確認｜外資現貨大賣；投信賣超,-2
2025-09-02,77.8623953,-61.0268347,-10.77548032,4.90890927,10.96898955,-5.86657105,-954.0,3100.0,7781.0,4681.0,-300.0,22133.0,31495.0,9362.0,2335.0,-24295.0,23319.0,47614.0,3511.0,-2225.0,35253.0,31742.0,-40.0,0.0,0.0,40.0,4499.0,-457.0,18659.0,14160.0,-1886.0,-3690.0,42379.0,44265.0,40.0,0.0,40.0,0.0,-202.0,-929.0,17193.0,17395.0,0.9214320167211534,-199.8376504199997,-139.05262543999999,-14.04205970000002,-352.93233556000007,2369.0,偏多確認｜外資現貨大買；外資期貨淨多增；投信賣超,2
2025-09-03,81.99762036,-6.37699825,5.94424275,18.26384013,99.82870499,24.20808288,1200.0,4136.0,8365.0,4229.0,-252.0,21881.0,31182.0,9301.0,-491.0,-24788.0,23273.0,48061.0,3500.0,-9264.0,28977.0,25477.0,-40.0,0.0,0.0,40.0,2736.0,198.0,11556.0,8820.0,170.0,-8933.0,32577.0,32407.0,40.0,0.0,40.0,0.0,-3086.0,-2775.0,10668.0,13754.0,0.9231568016614745,-98.36432116999968,-128.95370947,-100.48104065000001,-327.79907129000003,-493.0,偏多｜外資現貨大買,1
2025-09-04,118.08136125,-15.45453579,-2.21496133,15.92647455,116.33833868,13.71151322,-163.0,3874.0,7661.0,3787.0,-210.0,21671.0,30919.0,9248.0,1287.0,-23503.0,23910.0,47413.0,11601.0,8101.0,37622.0,26021.0,-40.0,0.0,0.0,40.0,2688.0,-48.0,14696.0,12008.0,7155.0,6985.0,43314.0,36159.0,40.0,0.0,40.0,0.0,-4398.0,-1312.0,14761.0,19159.0,1.0044229722373434,114.92235057000033,-116.80788834,-73.28065744000003,-75.16619521000003,1285.0,偏多｜外資現貨大買,1
2025-09-05,282.81116909,-4.33975608,19.90403544,31.87265877,330.24810722,51.77669421,-735.0,3080.0,7545.0,4465.0,148.0,21819.0,30968.0,9149.0,2067.0,-21304.0,25250.0,46554.0,6674.0,-3579.0,29158.0,22484.0,-40.0,0.0,0.0,40.0,3039.0,94.0,14417.0,11378.0,-2733.0,-18827.0,33322.0,36055.0,40.0,0.0,40.0,0.0,-4565.0,361.0,13566.0,18131.0,0.9409724630644378,484.08354304000034,-117.79655269,-24.84142815000002,341.4455622,2199.0,偏多確認｜外資現貨大買；外資期貨淨多增,2
2025-09-08,146.18525216,-12.20126071,1.4802277,24.5018949,159.96611405,25.9821226,-255.0,2727.0,7334.0,4607.0,226.0,22045.0,31105.0,9060.0,-748.0,-21999.0,25384.0,47383.0,6319.0,-355.0,29416.0,23097.0,-40.0,0.0,0.0,40.0,3048.0,9.0,15451.0,12403.0,-1717.0,1016.0,42635.0,44352.0,40.0,0.0,40.0,0.0,-4693.0,-128.0,15758.0,20451.0,1.0198692641252993,706.9377981600004,-99.39938553,109.81184185999999,717.35025449,-695.0,偏多｜外資現貨大買,1
2025-09-09,356.53694959,-17.82067231,-5.933013,52.48567415,385.26893843,46.55266115,-642.0,1938.0,7472.0,5534.0,407.0,22452.0,31400.0,8948.0,1515.0,-18792.0,28521.0,47313.0,8795.0,2476.0,32196.0,23401.0,-40.0,0.0,0.0,40.0,4629.0,1581.0,17616.0,12987.0,-7500.0,-5783.0,44135.0,51635.0,40.0,0.0,40.0,0.0,-5388.0,-695.0,17785.0,23173.0,1.0095935513169845,985.6123524500003,-56.19322314,162.23107406,1091.6502033699999,3207.0,偏多確認｜外資現貨大買；外資期貨淨多增,2
2025-09-10,489.47944283,-27.2738524,14.08535101,100.44950199,576.74044343,114.534853,-830.0,950.0,6631.0,5681.0,-69.0,22383.0,31191.0,8808.0,791.0,-17813.0,32440.0,50253.0,9931.0,-2677.0,31457.0,21526.0,-40.0,0.0,0.0,40.0,7110.0,3127.0,17089.0,9979.0,-6351.0,-30384.0,36901.0,43252.0,40.0,0.0,40.0,0.0,-2159.0,-692.0,14484.0,16643.0,0.8475627596699631,1393.0941749200003,-77.09007729,252.55784418,1568.56194181,979.0,偏多｜外資現貨大買；投信賣超；選擇權 PCR 偏低≤0.88（≈P20）,1
2025-09-11,329.99661731,-62.71656501,-32.93217011,50.66502809,285.01291028,17.73285798,92.0,1004.0,6169.0,5165.0,-238.0,22145.0,30782.0,8637.0,405.0,-16317.0,35061.0,51378.0,19340.0,9409.0,45056.0,25716.0,-40.0,0.0,0.0,40.0,7131.0,21.0,19795.0,12664.0,-5092.0,1259.0,45153.0,50245.0,40.0,0.0,40.0,0.0,-1802.0,357.0,17699.0,19501.0,0.8941146754230866,1605.0094309800002,-124.35210651,256.57918894,1737.23651341,1496.0,偏多｜外資現貨大買；投信賣超,1
2025-09-12,265.38500007,-58.10072034,12.20408612,37.21585081,256.70421666,49.41993693,1248.0,2044.0,6546.0,4502.0,-291.0,21854.0,30388.0,8534.0,-2279.0,-18558.0,33002.0,51560.0,10729.0,-16740.0,36108.0,25379.0,-40.0,0.0,0.0,40.0,6792.0,58.0,18164.0,11372.0,-1994.0,-11772.0,41711.0,43705.0,40.0,0.0,40.0,0.0,-1930.0,-254.0,16916.0,18846.0,0.9312926668134772,1587.58326196,-178.11307076999998,254.22243165999998,1663.6926228500001,-2241.0,偏空｜外資現貨大買；外資期貨淨空增；現貨買／期貨空→偏避險,-1
2025-09-15,25.46248589,-82.46829092,-2.76707377,12.73450656,-47.03837224,9.96743279,1197.0,3128.0,6356.0,3228.0,-1690.0,20164.0,28752.0,8588.0,-267.0,-18896.0,31187.0,50083.0,8532.0,-2197.0,39944.0,31412.0,-40.0,0.0,0.0,40.0,5802.0,-990.0,18684.0,12882.0,6531.0,8525.0,51243.0,44712.0,40.0,0.0,40.0,0.0,-2372.0,-442.0,17895.0,20267.0,0.9577713551701991,1466.8604956900003,-248.38010098,238.20774184999996,1456.6881365600002,-338.0,偏空｜投信賣超,-1
2025-09-16,270.03531062,-45.13790695,-15.51866087,26.5341239,235.9128667,11.01546303,4.0,3123.0,6871.0,3748.0,321.0,20485.0,28873.0,8388.0,667.0,-18244.0,30363.0,48607.0,6642.0,-1890.0,39337.0,32695.0,-40.0,0.0,0.0,40.0,6206.0,404.0,19059.0,12853.0,2591.0,-3940.0,55560.0,52969.0,40.0,0.0,40.0,0.0,-3419.0,-1047.0,18749.0,22168.0,0.9837347185056928,1380.3588567200004,-275.69733562,202.67054373,1307.33206483,652.0,偏多｜外資現貨大買；投信賣超,1
2025-09-17,-57.34012058,-53.14277279,-6.34644981,0.48275135,-116.34659183,-5.86369846,1045.0,1689.0,4350.0,2661.0,-210.0,20275.0,28773.0,8498.0,-3375.0,-18862.0,24198.0,43060.0,5882.0,-27071.0,23100.0,17218.0,0.0,0.0,0.0,0.0,2912.0,-3438.0,7235.0,4323.0,1046.0,-9341.0,27310.0,26264.0,0.0,0.0,0.0,0.0,2719.0,1990.0,7931.0,5212.0,1.0961990324809952,833.5392933100003,-301.56625601,82.27199226999998,614.24502957,-618.0,偏空確認｜外資現貨大賣；投信賣超,-2
2025-09-18,121.53720716,-49.87795065,38.50575418,62.11907193,172.28408262,100.62482611,189.0,1878.0,4454.0,2576.0,-291.0,19984.0,28339.0,8355.0,203.0,-18552.0,25411.0,43963.0,7514.0,1632.0,29499.0,21985.0,-40.0,-40.0,0.0,40.0,5233.0,2321.0,12629.0,7396.0,20014.0,18968.0,48824.0,28810.0,60.0,60.0,60.0,0.0,1509.0,-1210.0,10899.0,9390.0,0.863013698630137,625.0798831600003,-288.72764165,165.1639604,501.51620190999995,310.0,偏多｜外資現貨大買；投信賣超；選擇權 PCR 偏低≤0.88（≈P20）,1
2025-09-19,-157.45036443,-19.37327805,13.46021137,40.68685987,-122.67657124,54.14707124,171.0,2038.0,4840.0,2802.0,-520.0,19464.0,27674.0,8210.0,832.0,-17603.0,26660.0,44263.0,13111.0,-10899.0,31598.0,18487.0,-40.0,0.0,0.0,40.0,6382.0,868.0,12294.0,5912.0,7053.0,-9687.0,33039.0,25986.0,60.0,0.0,60.0,0.0,1020.0,-733.0,9579.0,8559.0,0.7791605661298194,202.24451866000032,-250.00019935999998,169.89109471,122.13541400999999,949.0,偏空｜外資現貨大賣；選擇權 PCR 偏低≤0.88（≈P20）,-1
2025-09-22,-66.50808558,-52.64117265,29.08896339,48.54872473,-41.51157011,77.63768812,-600.0,1431.0,5084.0,3653.0,83.0,19547.0,27417.0,7870.0,294.0,-17239.0,25588.0,42827.0,18473.0,5362.0,38791.0,20318.0,-40.0,0.0,0.0,40.0,7475.0,1093.0,13776.0,6301.0,20054.0,13001.0,52860.0,32806.0,60.0,0.0,60.0,0.0,-517.0,-1537.0,9636.0,10153.0,0.6994773519163763,110.27394719000031,-220.17308109,237.56135003999998,127.66221613999997,364.0,偏空確認｜外資現貨大賣；投信賣超；選擇權 PCR 偏低≤0.88（≈P20）,-2
2025-09-23,106.38719207,-15.69628564,5.59066577,26.46441884,122.74599104,32.05508461,-221.0,1200.0,5298.0,4098.0,332.0,19879.0,27500.0,7621.0,922.0,-16200.0,26491.0,42691.0,20682.0,2209.0,44509.0,23827.0,-40.0,0.0,0.0,40.0,8335.0,860.0,16156.0,7821.0,14574.0,-5480.0,54309.0,39735.0,60.0,0.0,60.0,0.0,-354.0,163.0,11948.0,12302.0,0.7395394899727655,-53.37417135999971,-190.73145978000002,258.60097162,14.495340479999982,1039.0,偏多｜外資現貨大買；選擇權 PCR 偏低≤0.88（≈P20）,1
2025-09-24,-129.50186461,-85.66887088,31.52965887,37.9814846,-145.65959202,69.51114347,880.0,2073.0,5104.0,3031.0,18.0,19897.0,27520.0,7623.0,-3522.0,-19917.0,23983.0,43900.0,7813.0,-27287.0,30725.0,22912.0,-40.0,0.0,0.0,40.0,5821.0,-2715.0,10205.0,4384.0,9775.0,-12115.0,39435.0,29660.0,60.0,0.0,60.0,0.0,2560.0,2749.0,9462.0,6902.0,0.9271925526702597,-125.53591538999973,-223.25755787,333.97581355,-14.817659710000015,-3717.0,偏空確認｜外資現貨大賣；外資期貨淨空增；投信賣超,-2
2025-09-25,1.06720086,-17.41264243,15.88402683,54.28970299,53.82828825,70.17372982,661.0,2764.0,5422.0,2658.0,-156.0,19741.0,27428.0,7687.0,-785.0,-21779.0,22398.0,44177.0,11642.0,3829.0,38647.0,27005.0,-40.0,0.0,0.0,40.0,5206.0,-615.0,11023.0,5817.0,17742.0,7967.0,48611.0,30869.0,60.0,0.0,60.0,0.0,2189.0,-371.0,10617.0,8428.0,0.9631679216184342,-246.0059216899997,-190.79224965,303.52471726,-133.27345408000002,-1862.0,偏空確認｜外資期貨淨空增；現貨買／期貨空→偏避險,-2
2025-09-26,-251.57852509,-56.52013477,-1.39467047,-43.86225156,-353.35558189,-45.25692203,1050.0,3907.0,6877.0,2970.0,-325.0,19416.0,27298.0,7882.0,-3305.0,-25119.0,20928.0,46047.0,8638.0,-30510.0,34795.0,26157.0,-40.0,0.0,0.0,40.0,5692.0,-151.0,11026.0,5334.0,13207.0,-2179.0,41507.0,28300.0,60.0,0.0,60.0,0.0,2320.0,382.0,10980.0,8660.0,0.9958280428079086,-340.13408234999974,-227.93910637000002,204.12072399,-363.95246473000003,-3340.0,偏空確認｜外資現貨大賣；外資期貨淨空增；投信賣超,-2
2025-09-30,65.50967708,6.96563422,35.61841572,24.33056654,132.42429356,59.94898226,-1396.0,2509.0,5287.0,2778.0,451.0,19867.0,27671.0,7804.0,3030.0,-21930.0,22485.0,44415.0,9276.0,638.0,38312.0,29036.0,-40.0,0.0,0.0,40.0,7756.0,2064.0,14237.0,6481.0,14154.0,947.0,54225.0,40071.0,60.0,0.0,60.0,0.0,2330.0,10.0,14186.0,11856.0,0.9964177846456417,-208.11631968999973,-168.3322995,186.43201813,-190.01660106000006,3189.0,偏多確認｜外資現貨大買；外資期貨淨多增,2
2025-10-01,126.64964009,6.33133899,30.75916302,2.21087609,165.95101819,32.97003911,-235.0,2234.0,5048.0,2814.0,176.0,20043.0,27883.0,7840.0,-444.0,-22349.0,21328.0,43677.0,13830.0,364.0,36052.0,22222.0,-40.0,0.0,0.0,40.0,6360.0,-2663.0,10940.0,4580.0,11638.0,-17743.0,45526.0,33888.0,60.0,0.0,60.0,0.0,4943.0,1819.0,12362.0,7419.0,1.129981718464351,-187.85387166999968,-146.30467486999999,187.34697262999998,-146.81157391,-419.0,偏多｜外資現貨大買,1
2025-10-02,234.09818512,2.37157488,39.28741172,48.94270848,324.6998802,88.2301202,31.0,2286.0,5220.0,2934.0,211.0,20254.0,27993.0,7739.0,-950.0,-23187.0,21563.0,44750.0,8156.0,-5674.0,37757.0,29601.0,-40.0,0.0,0.0,40.0,7702.0,1342.0,15999.0,8297.0,15037.0,3399.0,52767.0,37730.0,60.0,0.0,60.0,0.0,4683.0,-260.0,15792.0,11109.0,0.9870616913557098,175.74617806000032,-58.264229109999995,206.06594936,323.54789830999994,-838.0,偏多｜外資現貨大買,1
2025-10-03,169.59990133,-16.89575342,27.36525762,33.13815505,213.20756058,60.50341267,-599.0,1720.0,4782.0,3062.0,-361.0,19893.0,27497.0,7604.0,2268.0,-20852.0,23773.0,44625.0,9053.0,-2847.0,32473.0,23420.0,-40.0,0.0,0.0,40.0,8701.0,980.0,15092.0,6391.0,10498.0,-26089.0,44148.0,33650.0,60.0,0.0,60.0,0.0,3320.0,-1256.0,13790.0,10470.0,0.9137291280148423,344.27887853000027,-57.747340099999995,196.39563220999997,482.92717064,2335.0,偏多確認｜外資現貨大買；外資期貨淨多增,2
2025-10-07,6.76562801,-67.12400915,49.55021363,64.12943977,53.32127226,113.6796534,-318.0,1598.0,4640.0,3042.0,623.0,20516.0,27798.0,7282.0,-2752.0,-23701.0,23925.0,47626.0,15534.0,6481.0,44115.0,28581.0,-40.0,0.0,0.0,40.0,9141.0,440.0,17643.0,8502.0,11607.0,1109.0,58803.0,47196.0,60.0,0.0,60.0,0.0,2810.0,-510.0,16731.0,13921.0,0.948308110865499,602.6230316300002,-68.35121448000001,355.33220764,889.6040247899999,-2849.0,偏空確認｜外資期貨淨空增；現貨買／期貨空→偏避險；投信賣超,-2
2025-10-08,-140.94387269,-43.46217344,25.40313997,5.85571779,-153.14718837,31.25885776,1804.0,3348.0,6214.0,2866.0,-211.0,20305.0,27676.0,7371.0,-5692.0,-30405.0,19719.0,50124.0,7064.0,-15818.0,30466.0,23402.0,-40.0,0.0,0.0,40.0,9605.0,303.0,15120.0,5515.0,15104.0,-2820.0,46116.0,31012.0,60.0,0.0,60.0,0.0,5360.0,-1905.0,14598.0,9238.0,0.9654761904761905,396.1694818600003,-118.77902214000001,326.64208314,604.03254286,-6704.0,偏空確認｜外資現貨大賣；外資期貨淨空增；投信賣超,-2
2025-10-09,44.51256397,-23.71509167,32.93767901,27.39527162,81.13042293,60.33295063,-1200.0,2153.0,4754.0,2601.0,249.0,20554.0,27754.0,7200.0,1489.0,-28752.0,23216.0,51968.0,10361.0,3297.0,38086.0,27725.0,-40.0,0.0,0.0,40.0,10587.0,982.0,19273.0,8686.0,19579.0,4475.0,58347.0,38768.0,60.0,0.0,60.0,0.0,5645.0,285.0,18455.0,12810.0,0.9575572043791833,314.0324057400003,-148.82545280000002,354.00499465999997,519.2119476,1653.0,偏多｜外資期貨淨多增；投信賣超,1
2025-10-13,-563.12754939,-7.27586554,11.48691646,-119.55763063,-678.4741291,-108.07071417,1635.0,4225.0,6750.0,2525.0,761.0,21315.0,28615.0,7300.0,-4093.0,-33061.0,19592.0,52653.0,4996.0,-17320.0,33997.0,29001.0,-40.0,0.0,0.0,40.0,10916.0,230.0,19847.0,8931.0,18936.0,-4527.0,49565.0,30629.0,60.0,0.0,60.0,0.0,6196.0,1677.0,18709.0,12513.0,0.9426613593994054,-483.19332876999977,-158.47289322,157.70416029,-483.96206170000005,-4309.0,偏空確認｜外資現貨大賣；外資期貨淨空增,-2
2025-10-14,-163.48769283,-18.75833093,-28.47418127,-34.01089751,-244.73110254,-62.48507878,-2979.0,1589.0,5168.0,3579.0,39.0,21354.0,28688.0,7334.0,5562.0,-27444.0,20750.0,48194.0,21907.0,16911.0,50923.0,29016.0,-40.0,0.0,0.0,40.0,11890.0,974.0,24288.0,12398.0,9492.0,-9444.0,55384.0,45892.0,60.0,0.0,60.0,0.0,7735.0,1539.0,23571.0,15836.0,0.9704792490118577,-816.2809229299997,-160.33547073,34.71566883999997,-941.90072482,5617.0,中性／雜訊｜外資現貨大賣；外資期貨淨多增；現貨賣／期貨多→可能回補或對沖,0
2025-10-15,-151.00216875,-10.3720155,31.18322811,0.58957337,-129.60138277,31.77280148,-449.0,-543.0,2156.0,2699.0,497.0,21851.0,28809.0,6958.0,2715.0,-21671.0,19516.0,41187.0,1542.0,-17736.0,19697.0,18155.0,0.0,0.0,0.0,0.0,6670.0,3208.0,10624.0,3954.0,5079.0,-12209.0,27937.0,22858.0,0.0,0.0,0.0,0.0,4528.0,-382.0,7981.0,3453.0,0.7512236445783133,-974.0487196899998,-103.58347708,-47.19118308000003,-1124.82337985,5773.0,中性／雜訊｜外資現貨大賣；外資期貨淨多增；現貨賣／期貨多→可能回補或對沖,0
2025-10-16,129.59197265,2.00305686,41.40761648,64.70442985,237.70707584,106.11204633,272.0,-306.0,2909.0,3215.0,31.0,21882.0,28664.0,6782.0,-343.0,-22035.0,19964.0,41999.0,4415.0,2873.0,31479.0,27064.0,-40.0,-40.0,0.0,40.0,7126.0,456.0,14798.0,7672.0,13903.0,8824.0,44009.0,30106.0,80.0,80.0,80.0,0.0,4311.0,-217.0,11193.0,6882.0,0.7563859981078525,-703.5128743499998,-58.11824678,27.66200548999997,-733.96911564,-364.0,偏多｜外資現貨大買；選擇權 PCR 偏低≤0.88（≈P20）,1
2025-10-17,-219.97157761,-57.64756289,1.54098548,-40.0912697,-316.16942472,-38.55028422,1371.0,1083.0,4018.0,2935.0,-78.0,21804.0,28775.0,6971.0,-2013.0,-25586.0,16979.0,42565.0,4485.0,-13099.0,31274.0,26789.0,-40.0,0.0,0.0,40.0,10188.0,954.0,15530.0,5342.0,10338.0,965.0,39008.0,28670.0,80.0,0.0,80.0,0.0,6452.0,1551.0,11264.0,4812.0,0.7253058596265293,-967.9970159299997,-92.050718,-71.22122936000002,-1131.26896329,-3551.0,偏空確認｜外資現貨大賣；外資期貨淨空增；投信賣超,-2
2025-10-20,142.22590437,-29.92595188,17.63398152,41.10315567,171.03708968,58.73713719,-1109.0,-39.0,3395.0,3434.0,505.0,22309.0,29123.0,6814.0,285.0,-25251.0,17104.0,42355.0,4913.0,428.0,35206.0,30293.0,-40.0,0.0,0.0,40.0,10063.0,-125.0,18623.0,8560.0,20566.0,10228.0,52920.0,32354.0,80.0,0.0,80.0,0.0,6238.0,-214.0,14787.0,8549.0,0.7940181495999571,-262.64356216999977,-114.70080434,95.58662199999998,-281.75774450999995,335.0,偏多｜外資現貨大買；投信賣超；選擇權 PCR 偏低≤0.88（≈P20）,1
2025-10-21,-2.40714297,-38.89235937,25.14688368,60.40161576,44.2489971,85.54849944,-979.0,-1042.0,2830.0,3872.0,-5.0,22304.0,29085.0,6781.0,1969.0,-23282.0,18684.0,41966.0,12833.0,7920.0,37159.0,24326.0,-40.0,0.0,0.0,40.0,10483.0,420.0,20239.0,9756.0,13720.0,-6846.0,50857.0,37137.0,80.0,0.0,80.0,0.0,5871.0,-367.0,17631.0,11760.0,0.8711398784524927,-101.56301230999978,-134.83483278,243.62020022,7.2223551300000395,1969.0,偏多｜外資期貨淨多增；現貨賣／期貨多→可能回補或對沖；投信賣超,1
2025-10-22,-224.07410493,-23.06397931,21.98913351,5.51705963,-219.6318911,27.50619314,1659.0,596.0,3569.0,2973.0,-2027.0,20277.0,27062.0,6785.0,-2727.0,-26095.0,16010.0,42105.0,7873.0,-14492.0,27842.0,19969.0,-40.0,0.0,0.0,40.0,6358.0,-591.0,11051.0,4693.0,17734.0,2212.0,40647.0,22913.0,80.0,0.0,80.0,0.0,2886.0,-2047.0,7956.0,5070.0,0.7199348475251108,-174.63494848999977,-147.52679659,239.35359187999998,-82.80815319999996,-2813.0,偏空確認｜外資現貨大賣；外資期貨淨空增；投信賣超,-2
2025-10-23,-239.42493081,-11.00436637,5.81820705,-3.32292085,-247.93401098,2.4952862,425.0,982.0,3771.0,2789.0,-566.0,19711.0,26593.0,6882.0,1789.0,-24307.0,16016.0,40323.0,13223.0,5350.0,40038.0,26815.0,-40.0,0.0,0.0,40.0,7854.0,1496.0,14972.0,7118.0,18435.0,701.0,49537.0,31102.0,80.0,0.0,80.0,0.0,1941.0,-945.0,9231.0,7290.0,0.6165508950040075,-543.6518519499998,-160.53421982000003,135.73683175,-568.4492400199999,1788.0,中性／雜訊｜外資現貨大賣；外資期貨淨多增；現貨賣／期貨多→可能回補或對沖,0
2025-10-27,326.39212655,-30.45273794,68.582947,147.09600325,511.61833886,215.67895025,-1838.0,-849.0,3470.0,4319.0,784.0,20495.0,27071.0,6576.0,-44.0,-24211.0,17910.0,42121.0,1246.0,-5894.0,26780.0,25534.0,-40.0,0.0,0.0,40.0,7979.0,-632.0,14599.0,6620.0,7794.0,-16280.0,35661.0,27867.0,80.0,0.0,80.0,0.0,2524.0,-826.0,10326.0,7802.0,0.707308719775327,2.711852210000245,-133.33939487,389.96606622,259.33852356000006,96.0,偏多｜外資現貨大買；投信賣超；選擇權 PCR 偏低≤0.88（≈P20）,1
2025-10-28,-271.13846791,6.18383184,14.01685721,11.3292239,-239.60855496,25.34608111,1367.0,505.0,4233.0,3728.0,-274.0,20221.0,26863.0,6642.0,-3243.0,-27454.0,16317.0,43771.0,3737.0,2491.0,33599.0,29862.0,-40.0,0.0,0.0,40.0,7829.0,-150.0,16530.0,8701.0,13268.0,5474.0,45478.0,32210.0,80.0,0.0,80.0,0.0,2200.0,-324.0,11852.0,9652.0,0.7169993950393224,-410.6525200699997,-97.22961115,356.57501014,-151.30712107999994,-3243.0,偏空確認｜外資現貨大賣；外資期貨淨空增；選擇權 PCR 偏低≤0.88（≈P20）,-2
2025-10-29,71.88118436,-48.13902331,30.03321617,56.09816178,109.873539,86.13137795,-1169.0,-685.0,3461.0,4146.0,666.0,20887.0,27363.0,6476.0,2933.0,-24421.0,18655.0,43076.0,7150.0,4728.0,27747.0,20597.0,-40.0,0.0,0.0,40.0,8730.0,2843.0,14423.0,5693.0,12099.0,-21976.0,33737.0,21638.0,80.0,0.0,80.0,0.0,2227.0,-3307.0,8333.0,6106.0,0.5777577480413228,-336.36419273999974,-106.47627509,357.15788865,-85.68257917999995,3033.0,偏多確認｜外資現貨大買；外資期貨淨多增；投信賣超,2
2025-10-30,16.55522597,-54.3347896,-9.73951391,14.47603567,-33.04304187,4.73652176,-65.0,-751.0,3179.0,3930.0,46.0,20933.0,27413.0,6480.0,-290.0,-24746.0,18258.0,43004.0,9067.0,1917.0,35961.0,26894.0,-40.0,0.0,0.0,40.0,9009.0,279.0,18617.0,9608.0,10833.0,-1266.0,39037.0,28204.0,80.0,0.0,80.0,0.0,3403.0,1176.0,12236.0,8833.0,0.6572487511414299,-95.73486183999975,-137.74708538,334.38821727000004,100.90627005000005,-325.0,偏空｜投信賣超；選擇權 PCR 偏低≤0.88（≈P20）,-1
2025-10-31,-283.96614914,-34.78817647,57.64505011,17.16904009,-243.94023541,74.8140902,-652.0,-1387.0,3461.0,4848.0,186.0,21119.0,27595.0,6476.0,1818.0,-22936.0,19663.0,42599.0,151.0,-8435.0,23463.0,23312.0,-40.0,0.0,0.0,40.0,9222.0,-621.0,17190.0,7968.0,6309.0,-6716.0,30226.0,23917.0,80.0,0.0,80.0,0.0,2460.0,-2263.0,11013.0,8553.0,0.6406631762652705,-140.27608016999977,-161.53089548,406.70702127000004,104.90004562000001,1810.0,偏空｜外資現貨大賣；外資期貨淨多增；現貨賣／期貨多→可能回補或對沖,-1
2025-11-03,-84.45597152,-0.2499942,2.70696353,-2.75189636,-84.75089855,-0.04493283,1857.0,554.0,4437.0,3883.0,-116.0,21003.0,27556.0,6553.0,-3351.0,-27880.0,17236.0,45116.0,-760.0,-911.0,28236.0,28996.0,-40.0,0.0,0.0,40.0,9154.0,-68.0,20540.0,11386.0,17929.0,11620.0,42547.0,24618.0,80.0,0.0,80.0,0.0,2385.0,-75.0,14067.0,11682.0,0.6848588120740019,-551.1241782399998,-131.32815174,190.98313819,-491.46919178999997,-4944.0,偏空確認｜外資現貨大賣；外資期貨淨空增；選擇權 PCR 偏低≤0.88（≈P20）,-2
2025-11-04,-76.3118732,36.44389392,-9.22773599,-59.17933574,-108.27505101,-68.40707173,-212.0,380.0,4496.0,4116.0,-384.0,20619.0,27259.0,6640.0,-33.0,-27842.0,16846.0,44688.0,-1520.0,-760.0,29395.0,30915.0,-40.0,0.0,0.0,40.0,9669.0,515.0,24186.0,14517.0,11523.0,-6406.0,45346.0,33823.0,80.0,0.0,80.0,0.0,3085.0,700.0,16781.0,13696.0,0.6938311419829654,-356.29758352999977,-101.06808966,97.22998535,-360.13568784,38.0,偏空｜外資現貨大賣；投信買超；選擇權 PCR 偏低≤0.88（≈P20）,-1
2025-11-05,-575.27398939,-14.02487077,2.85922656,-64.47138096,-650.91101456,-61.6121544,2283.0,2717.0,6368.0,3651.0,250.0,20869.0,27620.0,6751.0,-4282.0,-32088.0,15145.0,47233.0,376.0,-14984.0,29740.0,29364.0,-40.0,0.0,0.0,40.0,8883.0,1088.0,15287.0,6404.0,16168.0,-3404.0,36233.0,20065.0,80.0,0.0,80.0,0.0,3216.0,-537.0,10506.0,7290.0,0.6872506050892916,-1003.4527572799998,-66.95393712,-50.513546999999996,-1120.9202414000001,-4246.0,偏空確認｜外資現貨大賣；外資期貨淨空增；選擇權 PCR 偏低≤0.88（≈P20）,-2
2025-11-06,-51.61228109,27.13254081,24.16068913,19.74168534,19.42263419,43.90237447,-2395.0,398.0,4953.0,4555.0,304.0,21173.0,27823.0,6650.0,2051.0,-29917.0,17162.0,47079.0,6696.0,6320.0,39610.0,32914.0,-40.0,0.0,0.0,40.0,10018.0,1135.0,18995.0,8977.0,14496.0,-1672.0,45960.0,31464.0,80.0,0.0,80.0,0.0,2128.0,-1088.0,13734.0,11606.0,0.7230323769413003,-1071.6202643399997,14.51339329,-11.34769429,-1068.45456534,2171.0,偏多｜外資現貨大賣；外資期貨淨多增；現貨賣／期貨多→可能回補或對沖,1
2025-11-07,-353.56498169,-13.89320008,-12.99609028,-92.84547739,-473.29974944,-105.84156767,1225.0,1512.0,5547.0,4035.0,-334.0,20839.0,27680.0,6841.0,-881.0,-30820.0,16556.0,47376.0,2157.0,-27858.0,34737.0,32580.0,-40.0,0.0,0.0,40.0,9672.0,-1831.0,17462.0,7790.0,12666.0,7.0,39290.0,26624.0,80.0,0.0,80.0,0.0,2030.0,-178.0,12576.0,10546.0,0.7201924178215554,-1141.2190968899997,35.40836968000001,-192.00335216000002,-1297.81407937,-903.0,偏空｜外資現貨大賣；選擇權 PCR 偏低≤0.88（≈P20）,-1
2025-11-10,-52.91526198,30.37382623,15.85204708,21.21312865,14.52373998,37.06517573,-544.0,952.0,5219.0,4267.0,575.0,21414.0,28107.0,6693.0,-21.0,-30589.0,17333.0,47922.0,8673.0,6516.0,40989.0,32316.0,-40.0,0.0,0.0,40.0,9723.0,51.0,20869.0,11146.0,15149.0,2483.0,47906.0,32757.0,80.0,0.0,80.0,0.0,911.0,-1119.0,14742.0,13831.0,0.7064066318462792,-1109.6783873499996,66.03219011,-154.89324359999998,-1198.5394408400002,231.0,偏空｜外資現貨大賣；投信買超；選擇權 PCR 偏低≤0.88（≈P20）,-1
2025-11-11,-173.67623754,23.37032235,-9.41715271,-38.44399848,-198.16706638,-47.86115119,918.0,1888.0,6028.0,4140.0,-193.0,21221.0,28001.0,6780.0,-910.0,-31530.0,17165.0,48695.0,2926.0,-5747.0,40781.0,37855.0,-40.0,0.0,0.0,40.0,8713.0,-1010.0,21742.0,13029.0,16473.0,1324.0,49919.0,33446.0,80.0,0.0,80.0,0.0,-568.0,-1479.0,16235.0,16803.0,0.7467114340907001,-1207.0427516899997,52.95861854,-134.34732306,-1288.4314562099999,-941.0,偏空｜外資現貨大賣；投信買超；選擇權 PCR 偏低≤0.88（≈P20）,-1
2025-11-12,-84.84304834,-24.48349841,4.50082087,29.87618213,-74.94954375,34.377003,-1667.0,277.0,4316.0,4039.0,457.0,21678.0,28348.0,6670.0,1378.0,-29964.0,19241.0,49205.0,320.0,-2046.0,27840.0,27520.0,-40.0,0.0,0.0,40.0,11421.0,2582.0,17887.0,6466.0,9151.0,-14414.0,36749.0,27598.0,80.0,0.0,80.0,0.0,1542.0,-3073.0,11433.0,9891.0,0.6391792922234024,-716.6118106399998,42.49999090000001,-38.35816565999999,-712.4699854,1566.0,偏空｜外資現貨大賣；外資期貨淨多增；現貨賣／期貨多→可能回補或對沖,-1
2025-11-13,-66.35665606,-9.72024239,6.4761145,9.41627449,-60.18450946,15.89238899,1532.0,1813.0,5738.0,3925.0,46.0,21724.0,28397.0,6673.0,-1550.0,-31514.0,18387.0,49901.0,-6164.0,-6484.0,31535.0,37699.0,-40.0,0.0,0.0,40.0,11006.0,-415.0,21083.0,10077.0,18296.0,9145.0,52303.0,34007.0,80.0,0.0,80.0,0.0,1198.0,-344.0,14325.0,13127.0,0.6794573827254186,-731.3561856099998,5.647207700000003,-66.36815114,-792.07712905,-1550.0,偏空確認｜外資現貨大賣；外資期貨淨空增；選擇權 PCR 偏低≤0.88（≈P20）,-2
2025-11-14,-603.99178503,-47.41432411,-36.62350715,-151.76904823,-839.79866452,-188.39255538,649.0,2630.0,6820.0,4190.0,639.0,22363.0,29312.0,6949.0,-1149.0,-34595.0,18329.0,52924.0,460.0,-18972.0,29667.0,29207.0,-40.0,0.0,0.0,40.0,10631.0,-1377.0,19348.0,8717.0,16055.0,-6661.0,45335.0,29280.0,80.0,0.0,80.0,0.0,2605.0,3756.0,13889.0,11284.0,0.7178519743642754,-981.7829889499997,-27.87391633,-148.91913885,-1158.57604413,-3081.0,偏空確認｜外資現貨大賣；外資期貨淨空增；投信賣超,-2
2025-11-17,73.3524278,-86.95463296,-42.03802215,-104.95543547,-160.59566278,-146.99345762,-1971.0,779.0,4997.0,4218.0,-428.0,21935.0,28879.0,6944.0,3015.0,-31526.0,19298.0,50824.0,6277.0,5817.0,36569.0,30292.0,-40.0,0.0,0.0,40.0,9662.0,-969.0,21584.0,11922.0,20432.0,4377.0,57852.0,37420.0,80.0,0.0,80.0,0.0,-1116.0,-3721.0,17337.0,18453.0,0.8032338769458859,-855.5152991699998,-145.20237552,-332.9777722,-1333.69544689,3069.0,偏多確認｜外資現貨大買；外資期貨淨多增；投信賣超,2
2025-11-18,-485.3789197,-31.90317648,-37.64410021,-153.77578946,-708.70198585,-191.41988967,2868.0,3726.0,7064.0,3338.0,572.0,22507.0,29787.0,7280.0,-3461.0,-35047.0,16232.0,51279.0,-8754.0,-15031.0,36663.0,45417.0,-40.0,0.0,0.0,40.0,8975.0,-687.0,23894.0,14919.0,26529.0,6097.0,64472.0,37943.0,80.0,0.0,80.0,0.0,2050.0,3166.0,21062.0,19012.0,0.881476521302419,-1167.21798133,-200.47587435000003,-476.53651068,-1844.23036636,-3521.0,偏空確認｜外資現貨大賣；外資期貨淨空增；投信賣超,-2
2025-11-19,-256.89012839,10.75226767,-48.55988754,-32.12026756,-326.81801582,-80.6801551,-584.0,1847.0,5043.0,3196.0,684.0,23191.0,30535.0,7344.0,238.0,-31047.0,15392.0,46439.0,-3044.0,-19425.0,19790.0,22834.0,-40.0,-40.0,0.0,40.0,769.0,-3891.0,5240.0,4471.0,12344.0,-8114.0,29869.0,17525.0,0.0,210.0,0.0,0.0,2213.0,1463.0,6537.0,4324.0,1.2475190839694656,-1339.2650613799997,-165.24010827,-591.59366878,-2096.09883843,4000.0,中性／雜訊｜外資現貨大賣；外資期貨淨多增；現貨賣／期貨多→可能回補或對沖,0
2025-11-20,131.06672651,13.42394479,18.36382881,36.90233892,199.75683903,55.26616773,-2216.0,-464.0,3854.0,4318.0,911.0,24102.0,31283.0,7181.0,5709.0,-24167.0,18243.0,42410.0,9522.0,12566.0,34374.0,24852.0,-40.0,0.0,0.0,40.0,1673.0,904.0,9437.0,7764.0,9737.0,-2607.0,39030.0,29293.0,100.0,100.0,100.0,0.0,1899.0,-314.0,10848.0,8949.0,1.1495178552506093,-1141.8416788099998,-142.09592109,-552.21989004,-1836.15748994,6880.0,偏多確認｜外資現貨大買；外資期貨淨多增,2
2025-11-21,-915.99036019,-10.2377126,-11.49402837,-141.24583068,-1078.96793184,-152.73985905,2659.0,2209.0,5946.0,3737.0,-64.0,24038.0,31645.0,7607.0,-7438.0,-33208.0,15579.0,48787.0,1136.0,-45628.0,29410.0,28274.0,-20.0,20.0,0.0,20.0,2109.0,2876.0,8809.0,6700.0,8063.0,-2056.0,33617.0,25554.0,150.0,50.0,150.0,0.0,2713.0,2107.0,10414.0,7701.0,1.1822000227040528,-1453.8402539699998,-104.91930958,-516.56719371,-2075.32675726,-9041.0,偏空確認｜外資現貨大賣；外資期貨淨空增,-2
2025-11-24,-299.55849627,-6.88614563,10.11388615,5.03852581,-291.29222994,15.15241196,-1204.0,958.0,5526.0,4568.0,161.0,24199.0,31807.0,7608.0,1910.0,-31186.0,17426.0,48612.0,5193.0,4057.0,34029.0,28836.0,-20.0,0.0,0.0,20.0,2216.0,107.0,12637.0,10421.0,10691.0,2628.0,41125.0,30434.0,150.0,0.0,150.0,0.0,1783.0,-930.0,11970.0,10187.0,0.9472184854000159,-1826.7511780399998,-24.85082225,-354.42132413,-2206.02332442,2022.0,中性／雜訊｜外資現貨大賣；外資期貨淨多增；現貨賣／期貨多→可能回補或對沖,0
2025-11-25,63.38446345,-20.34450321,9.26721062,19.83823953,72.14541039,29.10545015,-957.0,1.0,4720.0,4719.0,147.0,24346.0,32078.0,7732.0,-152.0,-29704.0,17872.0,47576.0,6125.0,932.0,38107.0,31982.0,-20.0,0.0,0.0,20.0,5577.0,3361.0,17018.0,11441.0,3099.0,-7592.0,42221.0,39122.0,150.0,0.0,150.0,0.0,3242.0,1459.0,15755.0,12513.0,0.9257844635092255,-1277.9877948899998,-13.29214898,-133.89598431000002,-1425.17592818,1482.0,偏多｜外資現貨大買；投信賣超,1
2025-11-26,124.22608882,120.21952422,28.65683032,-45.68410382,227.41833954,-17.0272735,-341.0,-359.0,5150.0,5509.0,115.0,24461.0,32389.0,7928.0,914.0,-28657.0,19514.0,48171.0,1119.0,-2334.0,24714.0,23595.0,-40.0,-20.0,0.0,40.0,4807.0,2.0,9799.0,4992.0,6853.0,-11110.0,37271.0,30418.0,150.0,0.0,150.0,0.0,2766.0,-1804.0,8546.0,5780.0,0.8721298091642005,-896.8715776799999,96.17510757,-70.24310271000002,-870.9395728199996,1047.0,偏多確認｜外資現貨大買；投信買超；選擇權 PCR 偏低≤0.88（≈P20）,2
2025-11-27,134.52960146,76.45285077,8.71481069,20.60312507,240.30038799,29.31793576,-1028.0,-1453.0,4469.0,5922.0,593.0,25054.0,32067.0,7013.0,612.0,-27961.0,19133.0,47094.0,3689.0,2570.0,30304.0,26615.0,-40.0,0.0,0.0,40.0,5889.0,1082.0,14254.0,8365.0,1750.0,-5103.0,45853.0,44103.0,150.0,0.0,150.0,0.0,2082.0,-684.0,12270.0,10188.0,0.8608110004209345,-893.4087027299997,159.20401355,-96.19133468000003,-830.3960238599998,696.0,偏多確認｜外資現貨大買；投信買超；選擇權 PCR 偏低≤0.88（≈P20）,2
2025-11-28,-194.69555406,48.46350911,61.47409593,55.52077046,-29.23717856,116.99486639,34.0,-1502.0,4228.0,5730.0,-167.0,24887.0,31821.0,6934.0,1587.0,-26321.0,20704.0,47025.0,2907.0,-1797.0,25489.0,22582.0,-40.0,0.0,0.0,40.0,5358.0,-535.0,12185.0,6827.0,5235.0,-13817.0,39473.0,34238.0,150.0,0.0,150.0,0.0,1248.0,-3147.0,9677.0,8429.0,0.7941731637258925,-172.11389659999975,217.90523526,173.54339075999997,219.3347294200001,1640.0,偏多｜外資現貨大賣；外資期貨淨多增；現貨賣／期貨多→可能回補或對沖,1
2025-12-01,-243.4923526,76.6983852,24.58618818,-46.48984785,-188.69762707,-21.90365967,1414.0,-17.0,4517.0,4534.0,-375.0,24512.0,31602.0,7090.0,-2650.0,-29032.0,18268.0,47300.0,-3055.0,-5962.0,26374.0,29429.0,-40.0,0.0,0.0,40.0,4336.0,-1022.0,13766.0,9430.0,13978.0,8743.0,46446.0,32468.0,150.0,0.0,150.0,0.0,1362.0,114.0,12262.0,10900.0,0.8907453145430771,-116.04775292999977,301.48976609,136.48731912999997,321.9293322900001,-2711.0,偏空確認｜外資現貨大賣；外資期貨淨空增；投信買超,-2
2025-12-02,135.75293316,13.24853968,15.56922245,18.86066894,183.43136423,34.42989139,-334.0,-357.0,4369.0,4726.0,-413.0,24099.0,31134.0,7035.0,669.0,-28363.0,18502.0,46865.0,-3077.0,-22.0,30015.0,33092.0,-40.0,0.0,0.0,40.0,4893.0,557.0,16257.0,11364.0,13003.0,-975.0,50058.0,37055.0,150.0,0.0,150.0,0.0,1347.0,-15.0,14055.0,12708.0,0.8645506551024175,-43.679283219999775,335.08280898,141.81176037,433.2152861300001,669.0,偏多｜外資現貨大買；選擇權 PCR 偏低≤0.88（≈P20）,1
2025-12-03,162.1480602,14.0442304,18.42804641,20.21393272,214.83426973,38.64197913,664.0,248.0,4624.0,4376.0,-76.0,24023.0,30919.0,6896.0,-861.0,-29224.0,18808.0,48032.0,-96.0,-13103.0,23755.0,23851.0,-40.0,0.0,0.0,40.0,4108.0,-956.0,10000.0,5892.0,19892.0,-2439.0,43620.0,23728.0,150.0,0.0,150.0,0.0,1855.0,-2706.0,8970.0,7115.0,0.897,-5.7573118399997725,228.90751515999997,197.48101299999996,420.63121632000014,-861.0,偏多｜外資現貨大買,1
2025-12-04,103.45999632,-6.51930842,6.83226782,6.22338828,109.996344,13.0556561,136.0,385.0,4840.0,4455.0,89.0,24112.0,31007.0,6895.0,-215.0,-29439.0,19214.0,48653.0,2758.0,2854.0,31450.0,28692.0,-40.0,0.0,0.0,40.0,4656.0,548.0,12979.0,8323.0,23433.0,3541.0,52189.0,28756.0,150.0,0.0,150.0,0.0,1644.0,-211.0,11092.0,9448.0,0.8546112951691194,-36.82691697999978,145.93535597000002,181.21873333999997,290.3271723300001,-215.0,偏多｜外資現貨大買；選擇權 PCR 偏低≤0.88（≈P20）,1
2025-12-05,368.78028912,-5.05387079,22.48952065,33.99928522,420.2152242,56.48880587,-1304.0,-919.0,4590.0,5509.0,174.0,24286.0,31065.0,6779.0,2550.0,-26823.0,21744.0,48567.0,2845.0,-4174.0,26671.0,23826.0,-40.0,0.0,0.0,40.0,4729.0,-209.0,12258.0,7529.0,14070.0,-10664.0,42141.0,28071.0,150.0,0.0,150.0,0.0,1481.0,-2288.0,9945.0,8464.0,0.8113069016152716,526.6489262000002,92.41797607,120.71267282,739.7795750900002,2616.0,偏多確認｜外資現貨大買；外資期貨淨多增；選擇權 PCR 偏低≤0.88（≈P20）,2
2025-12-08,140.87614446,1.50345516,19.1593872,30.47969868,192.0186855,49.63908588,-62.0,-974.0,4633.0,5607.0,187.0,24473.0,31117.0,6644.0,-645.0,-27463.0,22295.0,49758.0,6519.0,3674.0,30977.0,24458.0,-40.0,0.0,0.0,40.0,5783.0,1054.0,15791.0,10008.0,15658.0,1588.0,48520.0,32862.0,150.0,0.0,150.0,0.0,1509.0,28.0,13820.0,12311.0,0.8751820657336458,911.0174232600002,17.22304603,192.25541836999997,1120.49588766,-640.0,偏多｜外資現貨大買；選擇權 PCR 偏低≤0.88（≈P20）,1
2025-12-09,-58.88471251,-6.06058974,15.486352,5.7229335,-43.73601675,21.2092855,1438.0,457.0,5544.0,5087.0,-147.0,24326.0,30973.0,6647.0,-3897.0,-31427.0,20194.0,51621.0,4119.0,-2400.0,34695.0,30576.0,-40.0,0.0,0.0,40.0,4892.0,-891.0,16580.0,11688.0,19135.0,3477.0,52057.0,32922.0,150.0,0.0,150.0,0.0,1855.0,346.0,16015.0,14160.0,0.9659227985524729,716.3797775900002,-2.0860833900000006,179.03481248,893.3285066800001,-3964.0,偏空確認｜外資現貨大賣；外資期貨淨空增,-2
2025-12-10,196.07451411,18.39673496,26.52754425,26.08667828,267.0854716,52.61422253,-1577.0,-1130.0,4622.0,5752.0,583.0,24909.0,31481.0,6572.0,2728.0,-28629.0,21765.0,50394.0,7917.0,36.0,29411.0,21494.0,-40.0,0.0,0.0,40.0,4967.0,959.0,12037.0,7070.0,13797.0,-18526.0,43583.0,29786.0,150.0,0.0,150.0,0.0,2718.0,-2968.0,11853.0,9135.0,0.984713799119382,750.3062315000002,2.2664211699999974,193.00705588,945.5797085500002,2798.0,偏多確認｜外資現貨大買；外資期貨淨多增,2
2025-12-11,-189.76810065,21.01997667,-4.63875546,-20.25326293,-193.64014237,-24.89201839,1545.0,395.0,5614.0,5219.0,-407.0,24502.0,31196.0,6694.0,-2324.0,-31008.0,21050.0,52058.0,2039.0,-5878.0,33741.0,31702.0,-40.0,0.0,0.0,40.0,5197.0,230.0,15934.0,10737.0,16222.0,2425.0,49729.0,33507.0,150.0,0.0,150.0,0.0,2983.0,265.0,14941.0,11958.0,0.9376804317810971,457.0781345300002,29.805706259999997,155.05938139,641.9432221800001,-2379.0,偏空確認｜外資現貨大賣；外資期貨淨空增；投信買超,-2
2025-12-12,166.239245,13.47533033,22.59029689,51.62262417,253.92749639,74.21292106,-621.0,-218.0,5310.0,5528.0,-266.0,24236.0,30792.0,6556.0,1889.0,-29032.0,22121.0,51153.0,3154.0,-10666.0,24382.0,21228.0,-40.0,0.0,0.0,40.0,6404.0,-854.0,15342.0,8938.0,10651.0,-12446.0,42519.0,31868.0,150.0,0.0,150.0,0.0,4091.0,269.0,15742.0,11651.0,1.0260722200495371,254.53709041000022,48.33490738,172.78349658,475.65549437000016,1976.0,偏多確認｜外資現貨大買；外資期貨淨多增,2
2025-12-15,-489.94972132,-21.23208168,17.32498206,-53.88113405,-547.73795499,-36.55615199,2001.0,1567.0,7696.0,6129.0,-97.0,24139.0,30625.0,6486.0,-4654.0,-33686.0,20312.0,53998.0,4465.0,1311.0,37665.0,33200.0,-40.0,0.0,0.0,40.0,8287.0,1883.0,21470.0,13183.0,16246.0,5595.0,51661.0,35415.0,250.0,100.0,250.0,0.0,5102.0,1011.0,19907.0,14805.0,0.9272007452258966,-376.28877536999977,25.599370539999995,86.58825870999999,-264.1011461199999,-4654.0,偏空確認｜外資現貨大賣；外資期貨淨空增；投信賣超,-2
2025-12-16,-595.00908751,36.31124945,-11.99377309,-137.2459525,-707.93756365,-149.23972559,71.0,1674.0,7997.0,6323.0,858.0,24997.0,31370.0,6373.0,-527.0,-34213.0,17364.0,51577.0,5601.0,1136.0,46708.0,41107.0,-40.0,0.0,0.0,40.0,8588.0,301.0,25310.0,16722.0,13445.0,-2801.0,57442.0,43997.0,250.0,0.0,250.0,0.0,6236.0,1134.0,24288.0,18052.0,0.9596207032793362,-912.4131503699998,67.97120973,-83.86075238000001,-928.3026930199999,-527.0,偏空｜外資現貨大賣；投信買超,-1
2025-12-17,-354.33545584,7.97557087,87.20868218,22.70319074,-236.44801205,109.91187292,518.0,-79.0,5329.0,5408.0,183.0,25180.0,31388.0,6208.0,-274.0,-29032.0,16177.0,45209.0,-4435.0,-23564.0,17334.0,21769.0,0.0,0.0,0.0,0.0,4100.0,-4566.0,8545.0,4445.0,11315.0,-7226.0,26065.0,14750.0,0.0,0.0,0.0,0.0,183.0,453.0,5055.0,4872.0,0.5915740198946753,-1462.8231203199998,57.550045639999986,-26.56310199000002,-1431.8361766699998,5181.0,中性／雜訊｜外資現貨大賣；外資期貨淨多增；現貨賣／期貨多→可能回補或對沖,0
2025-12-18,-268.41406358,37.46563648,101.47571551,-30.12804537,-159.60075696,71.34767014,-1251.0,-1344.0,5678.0,7022.0,346.0,25526.0,31855.0,6329.0,1654.0,-28731.0,16867.0,45598.0,9281.0,13716.0,38131.0,28850.0,0.0,0.0,0.0,0.0,2806.0,-1294.0,11805.0,8999.0,16310.0,4995.0,36628.0,20318.0,0.0,0.0,0.0,0.0,386.0,203.0,9076.0,8690.0,0.7688267683185092,-1541.4690832499998,73.99570544999999,69.67658653999999,-1397.7967912599997,301.0,偏空｜外資現貨大賣；投信買超；選擇權 PCR 偏低≤0.88（≈P20）,-1
2025-12-19,-1.24354784,43.48688134,44.26805574,31.12521038,117.63659962,75.39326612,-1526.0,-2870.0,4237.0,7107.0,563.0,26089.0,32346.0,6257.0,3025.0,-24428.0,20240.0,44668.0,936.0,-7067.0,22529.0,21593.0,0.0,0.0,0.0,0.0,4130.0,-1606.0,10715.0,6585.0,6063.0,-19881.0,26744.0,20681.0,150.0,150.0,150.0,0.0,-695.0,-1256.0,6662.0,7357.0,0.6217452169855343,-1708.9518760899998,104.00725645999998,70.8569316,-1534.0876880299998,4303.0,偏多確認｜外資期貨淨多增；現貨賣／期貨多→可能回補或對沖；投信買超,2
2025-12-22,226.21542928,11.19460399,65.33230196,92.97275013,395.71508536,158.30505209,-744.0,-3616.0,4021.0,7637.0,1228.0,27317.0,33015.0,5698.0,-1424.0,-25852.0,20106.0,45958.0,4456.0,3520.0,28327.0,23871.0,-40.0,-40.0,0.0,40.0,5143.0,1013.0,13284.0,8141.0,8929.0,2866.0,35641.0,26712.0,150.0,0.0,150.0,0.0,-2246.0,-1551.0,9282.0,11528.0,0.6987353206865402,-992.7867254899998,136.43394213,265.71813568,-590.6346476799998,-1424.0,偏多｜外資現貨大買；現貨買／期貨空→偏避險；選擇權 PCR 偏低≤0.88（≈P20）,1
2025-12-23,-81.74762559,17.94857858,33.71150856,47.65286323,17.56532478,81.36437179,-601.0,-4216.0,3988.0,8204.0,484.0,27801.0,33496.0,5695.0,402.0,-25441.0,20004.0,45445.0,2362.0,-2094.0,29067.0,26705.0,-40.0,0.0,0.0,40.0,4823.0,-320.0,13851.0,9028.0,6727.0,-2202.0,39412.0,32685.0,150.0,0.0,150.0,0.0,-3002.0,-756.0,9946.0,12948.0,0.7180708974081293,-479.5252635699999,118.07127125999999,496.32223306,134.86824075000018,411.0,偏空｜外資現貨大賣；選擇權 PCR 偏低≤0.88（≈P20）,-1
2025-12-24,-38.01817255,-47.04776318,29.5357931,68.4300755,12.89993287,97.9658686,-827.0,-5045.0,3732.0,8777.0,473.0,28274.0,33968.0,5694.0,-26.0,-24484.0,21338.0,45822.0,-4806.0,-16325.0,17645.0,22451.0,-40.0,0.0,0.0,40.0,3733.0,-2163.0,9615.0,5882.0,3830.0,-11734.0,28012.0,24182.0,150.0,0.0,150.0,0.0,-1171.0,-1721.0,5374.0,6545.0,0.5589183567342694,-163.2079802799999,63.04793720999999,484.37622874,384.21618567000013,957.0,偏空｜投信賣超；選擇權 PCR 偏低≤0.88（≈P20）,-1
2025-12-26,84.17223242,-52.55128057,14.89450767,50.40063259,96.91609211,65.29514026,-1263.0,-6309.0,3451.0,9760.0,540.0,28814.0,34436.0,5622.0,1008.0,-23476.0,22479.0,45955.0,2883.0,-4549.0,20439.0,17556.0,-40.0,0.0,0.0,40.0,3664.0,-587.0,10194.0,6530.0,11242.0,-7920.0,29646.0,18404.0,150.0,0.0,150.0,0.0,-2057.0,-3390.0,5925.0,7982.0,0.5812242495585639,189.3783157200001,-26.96897984000001,478.32369886000004,640.7330347400002,1008.0,偏多｜外資現貨大買；投信賣超；選擇權 PCR 偏低≤0.88（≈P20）,1
2025-12-29,95.09908064,-13.06980775,18.83055439,49.35606858,150.21589586,68.18662297,-142.0,-6449.0,3427.0,9876.0,-862.0,27952.0,33474.0,5522.0,1239.0,-22173.0,24408.0,46581.0,5817.0,2934.0,22031.0,16214.0,-40.0,0.0,0.0,40.0,4251.0,587.0,12618.0,8367.0,11638.0,396.0,37237.0,25599.0,150.0,0.0,150.0,0.0,-2960.0,-903.0,7817.0,10777.0,0.6195118085275004,285.7209442000001,-83.52566893,471.11705571,673.3123309800003,1303.0,偏多｜外資現貨大買；選擇權 PCR 偏低≤0.88（≈P20）,1
2025-12-30,44.72379809,-40.81305493,10.49211144,11.61079528,26.01364988,22.10290672,3002.0,-3442.0,4784.0,8226.0,-772.0,27180.0,32702.0,5522.0,-4086.0,-26259.0,21047.0,47306.0,-266.0,-6083.0,22049.0,22315.0,-40.0,0.0,0.0,40.0,4182.0,-69.0,16072.0,11890.0,12182.0,544.0,40195.0,28013.0,200.0,50.0,200.0,0.0,-2679.0,281.0,11085.0,13764.0,0.6897088103534097,104.22931301000011,-135.53332785,334.91491034,303.6108955000002,-4086.0,偏空確認｜外資期貨淨空增；現貨買／期貨空→偏避險；投信賣超,-2
2025-12-31,-5.18748905,-28.74154596,-2.42630869,-31.19754257,-67.55288627,-33.62385126,420.0,-3018.0,4388.0,7406.0,-484.0,26696.0,32200.0,5504.0,1200.0,-25059.0,20994.0,46053.0,1394.0,310.0,17985.0,16591.0,-40.0,0.0,0.0,40.0,4555.0,-1083.0,11906.0,7351.0,10486.0,-22631.0,33901.0,23415.0,200.0,0.0,200.0,0.0,-200.0,-1527.0,7963.0,8163.0,0.6688224424659835,180.78944955000009,-182.22345239,219.92668729,218.49268445000018,1200.0,偏空｜現貨賣／期貨多→可能回補或對沖；投信賣超；選擇權 PCR 偏低≤0.88（≈P20）,-1
2026-01-02,120.17853596,-41.90433088,59.62725476,52.72981965,190.63127949,112.35707441,-750.0,-3751.0,4160.0,7911.0,340.0,27036.0,32414.0,5378.0,1905.0,-23154.0,23061.0,46215.0,6683.0,-147.0,22868.0,16185.0,-40.0,0.0,0.0,40.0,5092.0,948.0,13126.0,8034.0,13622.0,-10834.0,35472.0,21850.0,200.0,0.0,200.0,0.0,-720.0,-4393.0,9274.0,9994.0,0.7065366448270608,338.98615806000015,-177.08002009,234.3178931,396.2240310700002,1905.0,偏多確認｜外資現貨大買；外資期貨淨多增；投信賣超,2
2026-01-05,-76.43473164,-3.11010683,42.64699196,64.84638761,27.9485411,107.49337957,-720.0,-4480.0,4134.0,8614.0,457.0,27493.0,32819.0,5326.0,-1978.0,-25101.0,23747.0,48848.0,6596.0,-87.0,30053.0,23457.0,-40.0,0.0,0.0,40.0,7189.0,2097.0,19119.0,11930.0,11521.0,-2101.0,48764.0,37243.0,200.0,0.0,200.0,0.0,539.0,1259.0,15159.0,14620.0,0.7928761964537894,178.37919400000015,-127.63884635000002,276.51613241,327.25648006000023,-1947.0,偏空確認｜外資現貨大賣；外資期貨淨空增；選擇權 PCR 偏低≤0.88（≈P20）,-2
2026-01-06,28.41412934,-27.79282421,27.70478968,64.27400903,92.60010384,91.97879871,2099.0,-2431.0,5484.0,7915.0,24.0,27517.0,32722.0,5205.0,-4379.0,-29520.0,21970.0,51490.0,952.0,-5644.0,31291.0,30339.0,-40.0,0.0,0.0,40.0,8615.0,1426.0,22069.0,13454.0,14290.0,2769.0,53550.0,39260.0,200.0,0.0,200.0,0.0,1412.0,873.0,18248.0,16836.0,0.8268612080293625,111.69424270000013,-142.36186281,300.30830815,269.6406880400002,-4419.0,偏空確認｜外資期貨淨空增；現貨買／期貨空→偏避險；投信賣超,-2
2026-01-07,-295.09905222,-82.13565376,4.52462907,18.26327603,-354.44680088,22.7879051,304.0,-2081.0,5202.0,7283.0,-536.0,26981.0,32218.0,5237.0,34.0,-29422.0,22073.0,51495.0,-1699.0,-12141.0,22108.0,23807.0,-40.0,0.0,0.0,40.0,8633.0,-1959.0,17764.0,9131.0,12735.0,-15177.0,41738.0,29003.0,200.0,0.0,200.0,0.0,2680.0,-708.0,13482.0,10802.0,0.7589506867822563,-228.12860760999985,-183.68446164,300.99330653000004,-110.81976271999974,98.0,偏空確認｜外資現貨大賣；投信賣超；選擇權 PCR 偏低≤0.88（≈P20）,-2
2026-01-08,-6.7848922,-55.33429874,-15.01403435,-37.74493253,-114.87815782,-52.75896688,-1356.0,-3377.0,4414.0,7791.0,-150.0,26831.0,32068.0,5237.0,3375.0,-26047.0,22422.0,48469.0,-291.0,1408.0,30643.0,30934.0,-40.0,0.0,0.0,40.0,8407.0,-226.0,20595.0,12188.0,13374.0,639.0,46956.0,33582.0,200.0,0.0,200.0,0.0,2913.0,233.0,18024.0,15111.0,0.8751638747268754,-229.72601075999984,-210.27721442,281.85819091,-158.14503426999974,3375.0,偏多｜外資期貨淨多增；現貨賣／期貨多→可能回補或對沖；投信賣超,1
2026-01-09,-84.42363369,-47.28599177,-2.75800907,22.24238269,-112.22525184,19.48437362,192.0,-3190.0,4691.0,7881.0,-278.0,26553.0,31828.0,5275.0,-498.0,-26583.0,22795.0,49378.0,3807.0,-8635.0,29733.0,25926.0,-40.0,0.0,0.0,40.0,8681.0,-2128.0,19167.0,10486.0,17574.0,-547.0,46822.0,29248.0,200.0,0.0,200.0,0.0,1870.0,-2837.0,15880.0,14010.0,0.828507330307299,-434.32818040999985,-215.65887530999998,188.98549012,-461.00156559999976,-536.0,偏空確認｜外資現貨大賣；投信賣超；選擇權 PCR 偏低≤0.88（≈P20）,-2
2026-01-12,-121.66567091,-100.00119015,5.04829046,71.66757239,-144.95099821,76.71586285,730.0,-2457.0,5036.0,7493.0,-125.0,26428.0,31625.0,5197.0,-336.0,-26892.0,23261.0,50153.0,4967.0,1160.0,38014.0,33047.0,-40.0,0.0,0.0,40.0,9337.0,656.0,21325.0,11988.0,18624.0,1050.0,54837.0,36213.0,200.0,0.0,200.0,0.0,461.0,-1409.0,17743.0,17282.0,0.8320281359906213,-479.55911967999987,-312.54995863,158.20797340000001,-633.9011049099997,-309.0,偏空確認｜外資現貨大賣；投信賣超；選擇權 PCR 偏低≤0.88（≈P20）,-2
2026-01-13,157.41315371,-67.72933457,0.61121732,38.09450104,128.3895375,38.70571836,1074.0,-1429.0,5639.0,7068.0,-112.0,26316.0,31459.0,5143.0,-3337.0,-30117.0,23109.0,53226.0,1195.0,-3772.0,38367.0,37172.0,-40.0,0.0,0.0,40.0,9787.0,450.0,22856.0,13069.0,19162.0,538.0,60631.0,41469.0,150.0,-50.0,150.0,0.0,707.0,246.0,20394.0,19687.0,0.8922821141057052,-350.5600953099999,-352.48646899000005,104.93489305,-598.1116712499997,-3225.0,偏空｜外資現貨大買；外資期貨淨空增；現貨買／期貨空→偏避險,-1
2026-01-14,132.82502115,-65.1167522,9.24968178,61.8813059,138.83925663,71.13098768,1235.0,-216.0,6766.0,6982.0,-264.0,26052.0,31171.0,5119.0,-3852.0,-33957.0,23313.0,57270.0,2106.0,-8205.0,25634.0,23528.0,-40.0,0.0,0.0,40.0,9169.0,-619.0,19560.0,10391.0,22301.0,-7165.0,50661.0,28360.0,150.0,0.0,150.0,0.0,1794.0,-406.0,17259.0,15465.0,0.882361963190184,77.36397806000008,-335.46756743,153.27797563000001,-104.82561373999974,-3840.0,偏空｜外資現貨大買；外資期貨淨空增；現貨買／期貨空→偏避險,-1
2026-01-15,-2.10224483,-27.79111513,-12.52695898,-45.90572361,-88.32604255,-58.43268259,-343.0,-552.0,7373.0,7925.0,459.0,26511.0,31630.0,5119.0,-240.0,-35130.0,23635.0,58765.0,10916.0,8810.0,38675.0,27759.0,-40.0,0.0,0.0,40.0,9618.0,449.0,22268.0,12650.0,22634.0,333.0,55968.0,33334.0,150.0,0.0,150.0,0.0,2049.0,255.0,20169.0,18120.0,0.9057391772947727,82.04662543000008,-307.92438382,147.60425992,-78.27349846999974,-1173.0,偏空｜投信賣超,-1
2026-01-16,399.16564467,-77.19604109,-9.77693727,60.32127829,372.5139446,50.54434102,462.0,-117.0,6851.0,6968.0,486.0,26997.0,32030.0,5033.0,1889.0,-33249.0,26095.0,59344.0,-2247.0,-13106.0,23225.0,25472.0,-40.0,0.0,0.0,40.0,11620.0,1667.0,26517.0,14897.0,15858.0,-19071.0,50863.0,35005.0,150.0,0.0,150.0,0.0,1737.0,-2334.0,21670.0,19933.0,0.8172116001055927,565.6359037900002,-337.83443314,178.66422732,406.4656979700003,1881.0,偏多確認｜外資現貨大買；外資期貨淨多增；投信賣超,2
2026-01-19,-277.94762468,-131.22703996,-12.08062431,-40.92445363,-462.17974258,-53.00507794,290.0,156.0,7522.0,7366.0,197.0,27194.0,32149.0,4955.0,-477.0,-33726.0,22781.0,56507.0,9120.0,11367.0,36000.0,26880.0,-40.0,0.0,0.0,40.0,13638.0,2018.0,30778.0,17140.0,20503.0,4645.0,59793.0,39290.0,150.0,0.0,150.0,0.0,1089.0,-648.0,23814.0,22725.0,0.7737344856715836,409.3539500200001,-369.06028295,48.94328653000001,89.23695360000022,-477.0,偏空確認｜外資現貨大賣；投信賣超；選擇權 PCR 偏低≤0.88（≈P20）,-2
2026-01-20,-39.83496875,-87.99345593,-21.84643379,-7.47263708,-157.14749555,-29.31907087,340.0,483.0,7182.0,6699.0,-228.0,26970.0,31920.0,4950.0,1037.0,-32675.0,21969.0,54644.0,10147.0,1027.0,38895.0,28748.0,-40.0,0.0,0.0,40.0,12326.0,-1312.0,30608.0,18282.0,22208.0,1705.0,66338.0,44130.0,150.0,0.0,150.0,0.0,2127.0,1038.0,26007.0,23880.0,0.8496798222686879,212.1058275600001,-389.32440431000003,-19.08150269999999,-196.30007944999974,1051.0,偏空｜現貨賣／期貨多→可能回補或對沖；投信賣超；選擇權 PCR 偏低≤0.88（≈P20）,-1
2026-01-21,-445.68289093,-175.08438068,-35.78734028,-119.81788246,-776.37249435,-155.60522274,1388.0,-2925.0,3044.0,5969.0,-369.0,23890.0,28931.0,5041.0,-23.0,-24473.0,20490.0,44963.0,2533.0,-32369.0,23346.0,20813.0,0.0,0.0,0.0,0.0,426.0,-5592.0,12246.0,11820.0,23402.0,-1935.0,44792.0,21390.0,0.0,0.0,0.0,0.0,5648.0,1839.0,14684.0,9036.0,1.1990854156459252,-366.4020845199999,-499.29203279,-245.81771311999998,-1111.5118304299997,8202.0,偏空｜外資現貨大賣；外資期貨淨多增；現貨賣／期貨多→可能回補或對沖,-1
2026-01-22,192.78125481,-19.18073606,9.99677398,60.42617617,244.0234689,70.42295015,-281.0,-3226.0,2928.0,6154.0,230.0,24120.0,29232.0,5112.0,189.0,-24293.0,20380.0,44673.0,12245.0,9712.0,37540.0,25295.0,-25.0,-25.0,0.0,25.0,1880.0,1454.0,16886.0,15006.0,28763.0,5361.0,58148.0,29385.0,180.0,180.0,180.0,0.0,10189.0,4541.0,23143.0,12954.0,1.3705436456235935,-171.51858487999988,-490.68165372,-116.96208037999999,-779.1623189799998,180.0,偏多｜外資現貨大買,1
2026-01-23,232.08504577,-8.3759119,16.88902468,29.98523451,270.58339306,46.87425919,-1139.0,-4346.0,2634.0,6980.0,643.0,24763.0,29799.0,5036.0,1627.0,-22666.0,21267.0,43933.0,1592.0,-10334.0,22279.0,20687.0,-25.0,0.0,0.0,25.0,3264.0,652.0,16873.0,13609.0,25028.0,-8472.0,51412.0,26384.0,180.0,0.0,180.0,0.0,11856.0,46.0,23590.0,11734.0,1.398091625674154,-338.59918377999986,-421.86152453,-120.63216220999996,-881.0928705199999,1627.0,偏多確認｜外資現貨大買；外資期貨淨多增,2
2026-01-26,-14.9277468,-41.26731033,-4.67075637,-28.54461834,-89.41043184,-33.21537471,1782.0,-2555.0,3436.0,5991.0,675.0,25438.0,30503.0,5065.0,-3861.0,-26527.0,17833.0,44360.0,2705.0,1113.0,27537.0,24832.0,-25.0,0.0,0.0,25.0,2959.0,-305.0,18521.0,15562.0,22908.0,-2120.0,56943.0,34035.0,180.0,0.0,180.0,0.0,14358.0,2502.0,31160.0,16802.0,1.6824145564494357,-75.5793058999999,-331.9017949,-100.84245897999998,-508.3235597799998,-3861.0,偏空確認｜外資期貨淨空增；投信賣超,-2
2026-01-27,222.78875956,-50.18348773,-0.89173006,54.04791663,225.7614584,53.15618657,-272.0,-2836.0,3400.0,6236.0,329.0,25767.0,30762.0,4995.0,1212.0,-25318.0,19233.0,44551.0,5535.0,2830.0,30860.0,25325.0,-25.0,0.0,0.0,25.0,5608.0,2649.0,25847.0,20239.0,20471.0,-2437.0,58127.0,37656.0,180.0,0.0,180.0,0.0,16249.0,1891.0,34434.0,18185.0,1.3322242426587225,187.0444224100001,-294.09182669999996,-18.367201539999968,-125.41460582999983,1209.0,偏多｜外資現貨大買；投信賣超,1
2026-01-28,332.75865867,-13.87712336,-4.90735069,-13.56076777,300.41341685,-18.46811846,282.0,-2577.0,3710.0,6287.0,695.0,26462.0,31336.0,4874.0,-2614.0,-27932.0,18558.0,46490.0,6266.0,-7058.0,24187.0,17921.0,-25.0,0.0,0.0,25.0,1082.0,-556.0,19243.0,18161.0,20270.0,-15465.0,50666.0,30396.0,180.0,0.0,180.0,0.0,14169.0,1978.0,28835.0,14666.0,1.4984669750038975,965.4859720100001,-132.88456938000002,118.76990274000002,951.3713053700002,-2614.0,偏空｜外資現貨大買；外資期貨淨空增；現貨買／期貨空→偏避險,-1
2026-01-29,146.59217084,-29.59104359,-47.26463994,-86.89539798,-17.15891067,-134.16003792,1844.0,-828.0,5413.0,6241.0,-77.0,26385.0,31283.0,4898.0,-4770.0,-32702.0,17591.0,50293.0,3171.0,-3095.0,32159.0,28988.0,-45.0,-20.0,0.0,45.0,-53.0,-1135.0,20836.0,20889.0,22877.0,2607.0,58560.0,35683.0,180.0,0.0,180.0,0.0,15571.0,1402.0,31807.0,16236.0,1.5265406028028412,919.2968880400001,-143.29487691,-85.81308532999999,690.1889258000002,-4770.0,偏空｜外資現貨大買；外資期貨淨空增；現貨買／期貨空→偏避險,-1
2026-01-30,-512.39194984,-33.02144713,-6.95955132,-86.96907278,-639.34202107,-93.9286241,436.0,-396.0,6250.0,6646.0,-818.0,25567.0,30605.0,5038.0,58.0,-32670.0,17509.0,50179.0,6356.0,-9393.0,30059.0,23703.0,-25.0,0.0,0.0,25.0,1579.0,1205.0,19863.0,18284.0,19730.0,-2432.0,54804.0,35074.0,180.0,0.0,180.0,0.0,14812.0,-2046.0,30021.0,15209.0,1.5114031113124906,174.8198924300001,-167.94041214,-226.61596862,-219.73648832999976,32.0,偏空確認｜外資現貨大賣；投信賣超,-2
2026-02-02,-480.50347608,49.53294385,-26.46483328,-78.5126594,-535.94802491,-104.97749268,597.0,211.0,6542.0,6331.0,-167.0,25400.0,30636.0,5236.0,5075.0,-27673.0,21490.0,49163.0,11363.0,5007.0,44841.0,33478.0,-25.0,0.0,0.0,25.0,4435.0,2856.0,26456.0,22021.0,31847.0,12117.0,66723.0,34876.0,230.0,50.0,230.0,0.0,14762.0,-50.0,31936.0,17174.0,1.2071363773813124,-290.7558368499999,-77.14015796000001,-298.37808658999995,-666.2740813999997,4997.0,偏多｜外資現貨大賣；外資期貨淨多增；現貨賣／期貨多→可能回補或對沖,1
2026-02-03,72.67812207,106.17248361,-24.02908998,-44.88979984,109.93171586,-68.91888982,-965.0,-768.0,6075.0,6843.0,779.0,26179.0,31227.0,5048.0,1092.0,-26496.0,22831.0,49327.0,13643.0,2280.0,46782.0,33139.0,-72.0,-47.0,0.0,72.0,5096.0,661.0,27669.0,22573.0,28185.0,-3662.0,70532.0,42347.0,230.0,0.0,230.0,0.0,14276.0,-486.0,32888.0,18612.0,1.1886226462828435,-440.86647433999997,79.21581338,-420.45316298,-782.1038239399998,1177.0,偏多確認｜外資現貨大買；投信買超,2
2026-02-04,120.66044162,58.20723412,11.17816572,-27.87408815,162.17175331,-16.69592243,568.0,-297.0,7076.0,7373.0,262.0,26441.0,31460.0,5019.0,797.0,-25699.0,22837.0,48536.0,7165.0,-4066.0,28354.0,21189.0,-72.0,0.0,0.0,72.0,871.0,-254.0,19767.0,18896.0,26612.0,-6273.0,59187.0,32575.0,230.0,0.0,230.0,0.0,10675.0,-3701.0,27006.0,16331.0,1.366216421308241,-652.9646913899999,151.30017086,-418.68096695,-920.3454874799996,797.0,偏多確認｜外資現貨大買；投信買超,2
2026-02-05,-726.94499199,31.59777411,-18.40159712,-190.36751928,-904.11633428,-208.7691164,2911.0,2476.0,8882.0,6406.0,-356.0,26085.0,31267.0,5182.0,-988.0,-26743.0,23294.0,50037.0,4232.0,-2933.0,36240.0,32008.0,-72.0,0.0,0.0,72.0,-664.0,-1535.0,21442.0,22106.0,33420.0,6808.0,69463.0,36043.0,230.0,0.0,230.0,0.0,10499.0,-176.0,29099.0,18600.0,1.3571028821938251,-1526.5018542199998,212.48898856,-493.29004542999996,-1807.3029110899997,-1044.0,偏空｜外資現貨大賣；投信買超,-1
2026-02-06,-71.5299463,67.63863326,-42.26535471,-146.59609292,-192.75276067,-188.86144763,-1222.0,1271.0,8489.0,7218.0,-226.0,25859.0,31115.0,5256.0,1636.0,-25102.0,22080.0,47182.0,6590.0,-5486.0,29476.0,22886.0,-25.0,0.0,0.0,25.0,174.0,-714.0,20117.0,19943.0,25529.0,-8751.0,55798.0,30269.0,230.0,0.0,230.0,0.0,9327.0,-1918.0,26571.0,17244.0,1.320823184371427,-1085.6398506799997,313.14906895,-588.2228689599999,-1360.7136506899997,1641.0,偏多｜外資現貨大賣；外資期貨淨多增；現貨賣／期貨多→可能回補或對沖,1
2026-02-09,247.68616529,8.95780272,11.81106631,94.96658661,363.42162093,106.77765292,-1980.0,-657.0,5997.0,6654.0,989.0,26848.0,31865.0,5017.0,163.0,-23585.0,24970.0,48555.0,4003.0,-2587.0,34091.0,30088.0,-101.0,-76.0,0.0,101.0,1293.0,1119.0,24125.0,22832.0,26341.0,812.0,64892.0,38551.0,230.0,0.0,230.0,0.0,9004.0,-323.0,29264.0,20260.0,1.2130155440414507,-357.4502093099999,272.57392782,-376.46772336,-461.34400484999975,1517.0,偏多確認｜外資現貨大買；外資期貨淨多增,2
2026-02-10,557.10830864,46.6563035,6.15214269,22.12442211,632.04117694,28.2765648,-1882.0,-2774.0,6590.0,9364.0,1339.0,28187.0,32800.0,4613.0,-1393.0,-24884.0,29343.0,54227.0,5807.0,1804.0,35140.0,29333.0,-101.0,0.0,0.0,101.0,3829.0,2536.0,25056.0,21227.0,15662.0,-10679.0,64765.0,49103.0,230.0,0.0,230.0,0.0,8458.0,-546.0,31799.0,23341.0,1.26911717752235,126.97997726000017,213.05774771,-279.27226873999996,60.76545623000027,-1299.0,偏多｜外資現貨大買；現貨買／期貨空→偏避險；投信買超,1
2026-02-11,523.60064736,40.93084962,37.04747756,-23.32017546,578.25879908,13.7273021,1036.0,-1871.0,6973.0,8844.0,728.0,28915.0,33372.0,4457.0,-2769.0,-27665.0,29426.0,57091.0,2497.0,-2817.0,23929.0,21432.0,-91.0,-66.0,0.0,91.0,1283.0,-480.0,19278.0,17995.0,-4833.0,-32298.0,49336.0,54169.0,230.0,0.0,230.0,0.0,10179.0,-336.0,30076.0,19897.0,1.5601203444340699,529.9201830000002,195.78136321,-248.84904420999996,476.8525020000003,-2781.0,中性／雜訊｜外資現貨大買；外資期貨淨空增；現貨買／期貨空→偏避險,0
2026-02-23,83.52180152,-19.97231922,7.08904118,-121.80976615,-51.17124267,-114.72072497,624.0,-3445.0,3646.0,7091.0,328.0,29243.0,33726.0,4483.0,-5264.0,-30852.0,20336.0,51188.0,-835.0,-18547.0,14938.0,15773.0,0.0,0.0,0.0,0.0,1621.0,-2746.0,10608.0,8987.0,-2386.0,-12411.0,22813.0,25199.0,0.0,0.0,0.0,0.0,2254.0,2236.0,15297.0,13043.0,1.442024886877828,1340.38697651,144.21126988,-154.80065277999998,1329.7975936100001,-3187.0,偏空｜外資現貨大買；外資期貨淨空增；現貨買／期貨空→偏避險,-1
2026-02-24,627.33556548,61.59076294,55.42044055,98.06623092,842.41299989,153.48667147,-804.0,-4240.0,4218.0,8458.0,936.0,30179.0,34649.0,4470.0,1438.0,-29372.0,23438.0,52810.0,-5370.0,-4535.0,17751.0,23121.0,-85.0,-85.0,0.0,85.0,2762.0,1141.0,16370.0,13608.0,2215.0,4601.0,37631.0,35416.0,80.0,80.0,80.0,0.0,3840.0,1586.0,21937.0,18097.0,1.340073304825901,2039.2524882900002,138.16339956,187.54746632,2364.9633541700005,1480.0,偏多確認｜外資現貨大買；投信買超,2
2026-02-25,411.48172059,51.2018429,21.96539943,-60.26926607,424.37969685,-38.30386664,784.0,-3390.0,4705.0,8095.0,858.0,31037.0,35374.0,4337.0,-6353.0,-35753.0,22000.0,57753.0,-2289.0,-2083.0,16367.0,18656.0,-115.0,-30.0,0.0,115.0,2498.0,-108.0,14877.0,12379.0,702.0,-4968.0,31437.0,30735.0,80.0,0.0,80.0,0.0,4919.0,-1880.0,20189.0,15270.0,1.3570612354641394,2203.0480435900004,180.40743974,42.465946760000016,2425.9214300900003,-6381.0,中性／雜訊｜外資現貨大買；外資期貨淨空增；現貨買／期貨空→偏避險,0
2026-02-26,-105.63922762,-10.58302674,-7.89249596,-10.09313502,-134.20788534,-17.98563098,-506.0,-3829.0,4481.0,8310.0,211.0,31248.0,35582.0,4334.0,-445.0,-36168.0,21917.0,58085.0,3902.0,6191.0,28603.0,24701.0,-115.0,0.0,0.0,115.0,2084.0,-414.0,16483.0,14399.0,3359.0,2657.0,44714.0,41355.0,80.0,0.0,80.0,0.0,6125.0,1206.0,23350.0,17225.0,1.4166110538130194,1540.3005073300003,123.1681095,-3.7962490199999834,1659.6723678100004,-415.0,偏空｜外資現貨大賣,-1
2026-03-02,-389.88677076,83.21507628,10.68682468,-136.15761005,-432.14247985,-125.47078537,2065.0,-1788.0,6178.0,7966.0,197.0,31445.0,35847.0,4402.0,-3525.0,-41274.0,18093.0,59367.0,-2134.0,-11067.0,24532.0,26666.0,-25.0,0.0,0.0,25.0,2996.0,-1535.0,16698.0,13702.0,-3384.0,-12123.0,36063.0,39447.0,80.0,0.0,80.0,0.0,7405.0,-54.0,24357.0,16952.0,1.4586776859504131,626.8130892100003,165.45233616000002,-142.99433649,649.2710888800003,-5106.0,偏空確認｜外資現貨大賣；外資期貨淨空增；投信買超,-2
2026-03-03,-947.08130956,39.22050289,-43.61274483,-203.55097101,-1155.02452251,-247.16371584,1830.0,60.0,7434.0,7374.0,-752.0,30693.0,35246.0,4553.0,923.0,-40421.0,19351.0,59772.0,-2897.0,-763.0,32249.0,35146.0,-85.0,-60.0,0.0,85.0,1848.0,-1148.0,19311.0,17463.0,3484.0,6868.0,45883.0,42399.0,80.0,0.0,80.0,0.0,9394.0,1989.0,29766.0,20372.0,1.5414012738853504,-403.7900218699999,224.64515827000002,-275.43732736,-454.5821909599997,853.0,偏空｜外資現貨大賣；投信買超,-1
2026-03-04,-966.15044471,67.64037949,-71.29195282,-328.73398359,-1298.53600163,-400.02593641,4898.0,5071.0,11130.0,6059.0,-144.0,30549.0,35473.0,4924.0,-1272.0,-41633.0,19134.0,60767.0,-4965.0,-39243.0,21796.0,26761.0,-117.0,-92.0,0.0,117.0,863.0,-1320.0,14932.0,14069.0,8922.0,6539.0,37788.0,28866.0,230.0,150.0,230.0,0.0,8843.0,448.0,27045.0,18202.0,1.8112108223948566,-1997.27603206,230.69477482000002,-828.94993524,-2595.53119248,-1212.0,偏空｜外資現貨大賣；投信買超,-1
2026-03-05,-514.95123598,144.67455481,-44.84835379,-42.89670643,-458.02174139,-87.74506022,-1693.0,3400.0,9673.0,6273.0,1542.0,32091.0,36769.0,4678.0,356.0,-41134.0,15797.0,56931.0,-4553.0,412.0,27273.0,31826.0,-177.0,-60.0,0.0,177.0,1895.0,1032.0,18078.0,16183.0,6335.0,-2587.0,44288.0,37953.0,230.0,0.0,230.0,0.0,9723.0,880.0,29971.0,20248.0,1.657871445956411,-2923.70898863,324.16748672999995,-878.39112882,-3477.93263072,499.0,偏空｜外資現貨大賣；投信買超,-1
2026-03-06,-352.36485371,71.23296274,23.72995915,-31.21116375,-288.61309557,-7.4812046,-475.0,2920.0,9345.0,6425.0,275.0,32366.0,37044.0,4678.0,2204.0,-38930.0,16819.0,55749.0,-2689.0,-10123.0,19909.0,22598.0,-105.0,12.0,0.0,105.0,1886.0,-1829.0,16523.0,14637.0,5396.0,-10050.0,36332.0,30936.0,230.0,0.0,230.0,0.0,9101.0,-1008.0,27724.0,18623.0,1.6779035284149368,-3170.43461472,405.98347621000005,-867.8867024399999,-3632.33784095,2204.0,偏多｜外資現貨大賣；外資期貨淨多增；現貨賣／期貨多→可能回補或對沖,1
2026-03-09,-1208.17164664,135.71184696,-154.23504068,-432.15203061,-1658.84687097,-586.38707129,2049.0,5003.0,10099.0,5096.0,1041.0,33407.0,38564.0,5157.0,-1612.0,-40462.0,13164.0,53626.0,1366.0,4055.0,34995.0,33629.0,-110.0,-5.0,0.0,110.0,1506.0,-380.0,19569.0,18063.0,11613.0,6217.0,44671.0,33058.0,280.0,50.0,280.0,0.0,11162.0,2061.0,31572.0,20410.0,1.6133680821707803,-3988.7194906000004,458.48024689,-1328.80298836,-4859.04223207,-1532.0,偏空確認｜外資現貨大賣；外資期貨淨空增；投信買超,-2
2026-03-10,-250.85977065,130.59184019,-21.09782039,-13.56592617,-154.93167702,-34.66374656,-1890.0,3096.0,9261.0,6165.0,1626.0,35033.0,39856.0,4823.0,1728.0,-36856.0,14595.0,51451.0,4554.0,3188.0,43522.0,38968.0,-135.0,-25.0,0.0,135.0,2331.0,825.0,21905.0,19574.0,4416.0,-7197.0,46991.0,42575.0,288.0,8.0,288.0,0.0,18475.0,7313.0,40828.0,22353.0,1.8638666971011184,-3292.4979516900003,549.85158419,-1116.3030190799998,-3858.94938658,3606.0,偏多｜外資現貨大賣；外資期貨淨多增；現貨賣／期貨多→可能回補或對沖,1
2026-03-11,371.80947646,40.54142287,42.05683247,65.68682513,520.09455693,107.7436576,-1016.0,2130.0,8618.0,6488.0,1538.0,36571.0,41108.0,4537.0,-4123.0,-40958.0,14944.0,55902.0,-666.0,-581.0,23896.0,24562.0,-35.0,50.0,0.0,35.0,1753.0,997.0,17186.0,15433.0,450.0,-41189.0,38778.0,38328.0,288.0,0.0,288.0,0.0,10741.0,-2184.0,29882.0,19141.0,1.738740835563831,-1954.5380305200001,522.75262757,-608.53342507,-2040.3188280199997,-4102.0,中性／雜訊｜外資現貨大買；外資期貨淨空增；現貨買／期貨空→偏避險,0
2026-03-12,-711.27587063,-7.51989349,-11.73772131,-80.23254929,-810.76603472,-91.9702706,2325.0,4533.0,10261.0,5728.0,-215.0,36356.0,41026.0,4670.0,-2044.0,-43064.0,12194.0,55258.0,-2296.0,-1630.0,27615.0,29911.0,-35.0,0.0,0.0,35.0,1696.0,-57.0,19058.0,17362.0,3105.0,2655.0,46642.0,43537.0,288.0,0.0,288.0,0.0,12043.0,1302.0,33024.0,20981.0,1.7328156154895582,-2150.86266517,370.55817927,-612.7586354499999,-2393.06312135,-2106.0,偏空確認｜外資現貨大賣；外資期貨淨空增,-2
2026-03-13,-580.17304543,-0.43705864,-7.5428408,-85.26937542,-673.42232029,-92.81221622,856.0,5409.0,11704.0,6295.0,240.0,36596.0,41371.0,4775.0,2653.0,-40347.0,12916.0,53263.0,-2027.0,-13378.0,24347.0,26374.0,-105.0,-70.0,0.0,105.0,2447.0,-176.0,19846.0,17399.0,-4.0,-15995.0,43003.0,43007.0,288.0,0.0,288.0,0.0,12606.0,795.0,32767.0,20161.0,1.6510631865363297,-2378.6708568900003,298.88815789,-698.08964707,-2777.87234607,2717.0,中性／雜訊｜外資現貨大賣；外資期貨淨多增；現貨賣／期貨多→可能回補或對沖,0
2026-03-16,-438.25438238,3.24836504,4.02085739,-38.31734483,-469.30250478,-34.29648744,301.0,5656.0,11360.0,5704.0,-1256.0,35340.0,40075.0,4735.0,1841.0,-38512.0,13733.0,52245.0,541.0,2568.0,32214.0,31673.0,-105.0,0.0,0.0,105.0,1911.0,-536.0,20819.0,18908.0,4713.0,4717.0,55310.0,50597.0,238.0,-50.0,238.0,0.0,12219.0,-387.0,34261.0,22042.0,1.6456602142273884,-1608.75359263,166.42467597,-145.99906321999998,-1588.32797988,1835.0,中性／雜訊｜外資現貨大賣；外資期貨淨多增；現貨賣／期貨多→可能回補或對沖,0
2026-03-17,4.72382101,2.05793712,36.87108683,54.08165277,97.73449773,90.9527396,-2731.0,2956.0,9235.0,6279.0,950.0,36290.0,40880.0,4590.0,2277.0,-36158.0,16754.0,52912.0,2345.0,1804.0,36054.0,33709.0,-183.0,-78.0,0.0,183.0,3610.0,1699.0,22894.0,19284.0,-2470.0,-7183.0,59150.0,61620.0,238.0,0.0,238.0,0.0,12536.0,317.0,36595.0,24059.0,1.5984537433388661,-1353.17000097,37.890772899999995,-20.38257705999999,-1335.6618051299997,2354.0,偏多｜外資期貨淨多增,1
2026-03-18,90.20754435,-2.88069117,50.5854686,49.04586744,186.95818922,99.63133604,-645.0,-3127.0,2703.0,5830.0,711.0,37001.0,41449.0,4448.0,-874.0,-34549.0,13055.0,47604.0,-1152.0,-15993.0,14148.0,15300.0,-70.0,-70.0,0.0,70.0,-386.0,-5644.0,6576.0,6962.0,2384.0,-15574.0,19878.0,17494.0,0.0,0.0,0.0,0.0,4927.0,1539.0,15903.0,10976.0,2.418339416058394,-1634.7719330799998,-5.53134114,-28.49489862,-1668.7981728399998,1609.0,偏多確認｜外資現貨大買；外資期貨淨多增；選擇權 PCR 極端≥2.25（≈P90）,2
2026-03-19,-909.47630537,-3.4613836,14.88353148,-126.21934213,-1024.27349962,-111.33581065,4321.0,1178.0,5703.0,4525.0,-694.0,36307.0,40974.0,4667.0,-3869.0,-40825.0,9789.0,50614.0,-1254.0,-102.0,23044.0,24298.0,-67.0,3.0,3.0,70.0,-733.0,-347.0,9086.0,9819.0,9879.0,7495.0,30750.0,20871.0,123.0,123.0,123.0,0.0,5110.0,183.0,18175.0,13065.0,2.00033017829628,-1832.9723678199998,-1.47283125,-47.86043866999999,-1882.3056377399998,-6276.0,偏空確認｜外資現貨大賣；外資期貨淨空增；選擇權 PCR 偏高≥1.85（≈P80）,-2
2026-03-20,-403.11039107,10.57706848,-31.32400324,-69.72517827,-493.5825041,-101.04918151,-1756.0,-586.0,4149.0,4735.0,353.0,36660.0,41314.0,4654.0,4441.0,-36366.0,10562.0,46928.0,221.0,-10677.0,15543.0,15322.0,3.0,0.0,3.0,0.0,-1130.0,-3957.0,7290.0,8420.0,1620.0,-8276.0,22128.0,20508.0,123.0,0.0,123.0,0.0,6017.0,480.0,17582.0,11565.0,2.4117969821673526,-1655.90971346,9.541295869999999,-56.097403959999994,-1702.4658215499996,4459.0,中性／雜訊｜外資現貨大賣；外資期貨淨多增；現貨賣／期貨多→可能回補或對沖,0
2026-03-23,-839.22601792,105.34823636,-60.24867806,-250.86800936,-1044.99446898,-311.11668742,552.0,-54.0,4562.0,4616.0,801.0,37461.0,42310.0,4849.0,-1258.0,-37717.0,8931.0,46648.0,1738.0,1517.0,22572.0,20834.0,3.0,0.0,3.0,0.0,-881.0,249.0,9706.0,10587.0,7500.0,5880.0,27829.0,20329.0,123.0,0.0,123.0,0.0,6385.0,368.0,19464.0,13079.0,2.0053575108180506,-2056.8813490000002,111.64116719,-332.91760394,-2278.1577857499997,-1351.0,偏空｜外資現貨大賣；投信買超；選擇權 PCR 偏高≥1.85（≈P80）,-1
2026-03-24,-123.05739413,23.79609569,-16.98808314,-87.85772976,-204.10711134,-104.8458129,-739.0,-788.0,3838.0,4626.0,320.0,37781.0,42735.0,4954.0,3445.0,-34108.0,10873.0,44981.0,7292.0,5554.0,29137.0,21845.0,-25.0,-28.0,3.0,28.0,-462.0,419.0,11460.0,11922.0,11860.0,4360.0,34303.0,22443.0,123.0,0.0,123.0,0.0,5410.0,-975.0,20366.0,14956.0,1.7771378708551484,-2184.66256414,133.37932576,-528.7161564400001,-2579.9993948199995,3609.0,偏多｜外資現貨大賣；外資期貨淨多增；現貨賣／期貨多→可能回補或對沖,1
2026-03-25,374.74763788,11.5848069,35.79929011,95.62451212,517.75624701,131.42380223,-1767.0,-2479.0,2990.0,5469.0,1248.0,39029.0,43837.0,4808.0,-1882.0,-35947.0,9961.0,45908.0,3001.0,-3270.0,16975.0,13974.0,3.0,0.0,3.0,0.0,-1544.0,-2584.0,6733.0,8277.0,7445.0,-12917.0,23162.0,15717.0,131.0,8.0,131.0,0.0,3514.0,-2702.0,16797.0,13283.0,2.4947274617555326,-1900.1224706099997,147.84482383,-496.92369024999994,-2249.201337029999,-1839.0,偏空｜外資現貨大買；外資期貨淨空增；現貨買／期貨空→偏避險,-1
2026-03-26,-79.20352703,47.43193007,45.03248879,-12.08469386,1.17619797,32.94779493,692.0,-1772.0,3560.0,5332.0,-545.0,38484.0,43360.0,4876.0,-1179.0,-37065.0,10102.0,47167.0,8859.0,5858.0,26394.0,17535.0,3.0,0.0,3.0,0.0,-470.0,1074.0,9458.0,9928.0,11429.0,3984.0,32026.0,20597.0,131.0,0.0,131.0,0.0,3697.0,183.0,19296.0,15599.0,2.040177627405371,-1069.8496922699999,198.7381375,-352.64008466999996,-1223.7516394399997,-1118.0,偏空｜外資現貨大賣；投信買超；選擇權 PCR 偏高≥1.85（≈P80）,-1
2026-03-27,-363.555484,-1.88001279,36.59857689,-54.55237888,-383.38929878,-17.95380199,851.0,-944.0,4263.0,5207.0,-315.0,38169.0,43167.0,4998.0,-2828.0,-39919.0,8029.0,47948.0,2895.0,-14205.0,17691.0,14796.0,3.0,0.0,3.0,0.0,-706.0,57.0,9129.0,9835.0,7187.0,-13925.0,24188.0,17001.0,131.0,0.0,131.0,0.0,4329.0,-3632.0,18608.0,14279.0,2.0383393580896048,-1030.2947852,186.28105623,-269.54470514999997,-1113.5584341199997,-2854.0,偏空確認｜外資現貨大賣；外資期貨淨空增；選擇權 PCR 偏高≥1.85（≈P80）,-2
2026-03-30,-639.36723763,32.06518834,-38.99199107,-94.99477767,-741.28881803,-133.98676874,1158.0,200.0,4447.0,4247.0,-699.0,37470.0,42613.0,5143.0,2665.0,-37282.0,8986.0,46268.0,1428.0,-1467.0,21480.0,20052.0,-77.0,-80.0,3.0,80.0,-789.0,-83.0,10831.0,11620.0,7210.0,23.0,29794.0,22584.0,131.0,0.0,131.0,0.0,5366.0,1037.0,21158.0,15792.0,1.9534669005631982,-830.43600491,112.99800821,-92.41478647,-809.8527831699997,2637.0,偏多｜外資現貨大賣；外資期貨淨多增；現貨賣／期貨多→可能回補或對沖,1
2026-03-31,-807.45514607,32.03576857,-16.67189402,-193.49493134,-985.58620286,-210.16682536,414.0,620.0,4699.0,4079.0,185.0,37655.0,42903.0,5248.0,68.0,-37214.0,10045.0,47259.0,-3669.0,-5097.0,24690.0,28359.0,-77.0,0.0,3.0,80.0,-1594.0,-805.0,12053.0,13647.0,7459.0,249.0,32815.0,25356.0,131.0,0.0,131.0,0.0,4997.0,-369.0,22392.0,17395.0,1.8577947398987804,-1514.8337568499999,121.23768109,-197.73579893,-1591.3318746899997,68.0,偏空｜外資現貨大賣；投信買超；選擇權 PCR 偏高≥1.85（≈P80）,-1
2026-04-01,232.51318053,101.3853482,67.60392475,148.59240853,550.09486201,216.19633328,-4265.0,-3550.0,3315.0,6865.0,1260.0,38915.0,43996.0,5081.0,4324.0,-31373.0,14923.0,46296.0,6158.0,-233.0,20987.0,14829.0,-87.0,-10.0,3.0,90.0,-2905.0,-556.0,7560.0,10465.0,2946.0,-21616.0,24170.0,21224.0,131.0,0.0,131.0,0.0,2923.0,-4150.0,18737.0,15814.0,2.478439153439153,-1657.0682141999998,211.03822239,-112.96326787999996,-1558.9932596899996,5841.0,偏多確認｜外資現貨大買；外資期貨淨多增；投信買超,2
2026-04-02,-386.9556184,84.24381929,2.08209184,-71.9674909,-372.59719817,-69.88539906,2659.0,-735.0,4298.0,5033.0,-902.0,38013.0,43302.0,5289.0,-3468.0,-34855.0,11742.0,46597.0,2209.0,-3949.0,24025.0,21816.0,-87.0,0.0,3.0,90.0,-2384.0,521.0,9181.0,11565.0,4094.0,1148.0,32291.0,28197.0,131.0,0.0,131.0,0.0,3568.0,645.0,21115.0,17547.0,2.2998584032240497,-1964.82030557,247.85011161,-215.79646186999997,-1932.7666558299998,-3482.0,偏空確認｜外資現貨大賣；外資期貨淨空增；投信買超,-2
2026-04-07,100.96606744,43.56643821,23.55393465,46.77392016,214.86036046,70.32785481,-1486.0,-2301.0,3993.0,6294.0,263.0,38276.0,43389.0,5113.0,3505.0,-31350.0,14038.0,45388.0,-740.0,-13341.0,19912.0,20652.0,-457.0,-370.0,3.0,460.0,-502.0,846.0,9869.0,10371.0,-1901.0,-13293.0,24560.0,26461.0,131.0,0.0,131.0,0.0,4274.0,-2060.0,18224.0,13950.0,1.8465903333671092,-1500.2987541300001,293.29656261,-127.51480506999998,-1334.5169965899997,3505.0,偏多確認｜外資現貨大買；外資期貨淨多增；投信買超,2
2026-04-08,1177.72619736,47.2013216,105.70755666,252.97241582,1583.60749144,358.67997248,-3614.0,-5910.0,3522.0,9432.0,2008.0,40284.0,44663.0,4379.0,-1149.0,-32478.0,14559.0,47037.0,10909.0,4843.0,27470.0,16561.0,-487.0,-30.0,3.0,490.0,-1388.0,937.0,9785.0,11173.0,6437.0,-18197.0,27454.0,21017.0,221.0,90.0,221.0,0.0,1818.0,-4453.0,16626.0,14808.0,1.6991313234542667,316.79468085999997,308.43269587000003,365.15193615000004,990.3793128800005,-1128.0,偏多｜外資現貨大買；現貨買／期貨空→偏避險；投信買超,1
2026-04-09,317.79629982,13.5698759,24.67646419,37.28307208,393.32571199,61.95953627,1360.0,-4603.0,3938.0,8541.0,-330.0,39954.0,44325.0,4371.0,-904.0,-33399.0,13893.0,47292.0,9237.0,-1672.0,34203.0,24966.0,-487.0,0.0,3.0,490.0,-954.0,434.0,11359.0,12313.0,8326.0,1889.0,35544.0,27218.0,221.0,0.0,221.0,0.0,2165.0,347.0,18508.0,16343.0,1.629368782463245,1442.04612675,289.9668032,637.27829778,2369.2912277300006,-921.0,偏多｜外資現貨大買,1
2026-04-10,288.08271208,-43.01105584,35.46373426,87.11782412,367.65321462,122.58155838,-1700.0,-6295.0,3556.0,9851.0,592.0,40546.0,44782.0,4236.0,-1004.0,-34403.0,13115.0,47518.0,5120.0,-9835.0,23094.0,17974.0,-487.0,0.0,3.0,490.0,-331.0,713.0,11502.0,11833.0,4701.0,-16067.0,29022.0,24321.0,181.0,-40.0,181.0,0.0,3521.0,-2156.0,18517.0,14996.0,1.6098939314901757,1497.6156583,145.57039916000002,543.6635228800001,2186.8495803400006,-1004.0,中性／雜訊｜外資現貨大買；現貨買／期貨空→偏避險；投信賣超,0
2026-04-13,-161.78656824,60.49522946,33.58372742,6.30156005,-61.40605131,39.88528747,-635.0,-7324.0,3842.0,11166.0,-813.0,39733.0,43999.0,4266.0,-1592.0,-35996.0,15086.0,51082.0,4595.0,-525.0,25526.0,20931.0,-487.0,0.0,3.0,490.0,87.0,418.0,12772.0,12685.0,3607.0,-1094.0,33362.0,29755.0,181.0,0.0,181.0,0.0,5483.0,1962.0,21971.0,16488.0,1.7202474162229877,1722.78470846,121.82180933000001,653.4342094100001,2498.0407272,-1593.0,偏空確認｜外資現貨大賣；外資期貨淨空增；投信買超,-2
2026-04-14,689.07903398,-59.978929,-1.99370314,57.20068065,684.30708249,55.20697751,-1810.0,-9208.0,3340.0,12548.0,1462.0,41195.0,45225.0,4030.0,-694.0,-36664.0,16327.0,52991.0,7505.0,2910.0,30206.0,22701.0,-487.0,0.0,3.0,490.0,-316.0,-403.0,12056.0,12372.0,-7257.0,-10864.0,36692.0,43949.0,181.0,0.0,181.0,0.0,8860.0,3377.0,28534.0,19674.0,2.366788321167883,2310.897675,18.27644212,638.31333211,2967.4874492300005,-668.0,偏多｜外資現貨大買；投信賣超；選擇權 PCR 極端≥2.25（≈P90）,1
2026-04-15,553.5019381,-88.93858129,-44.46632565,-5.84573748,414.25129368,-50.31206313,645.0,-7403.0,2975.0,10378.0,1050.0,42245.0,46195.0,3950.0,-1834.0,-36783.0,16346.0,53129.0,588.0,-6654.0,14481.0,13893.0,-235.0,5.0,5.0,240.0,824.0,-4768.0,5253.0,4429.0,4637.0,-13833.0,19291.0,14654.0,5.0,5.0,5.0,0.0,-1606.0,1051.0,8763.0,10369.0,1.6681896059394632,1686.6734157399999,-117.86346077,229.32129650000002,1798.1312514700003,-119.0,偏多｜外資現貨大買；投信賣超,1
2026-04-16,440.0751211,-27.41888881,21.7065007,96.74802887,531.11076186,118.45452957,644.0,-6778.0,3499.0,10277.0,380.0,42625.0,46486.0,3861.0,-2067.0,-39683.0,16924.0,56607.0,-54.0,-642.0,20951.0,21005.0,-355.0,-120.0,5.0,360.0,-286.0,-1110.0,8246.0,8532.0,4469.0,-168.0,27948.0,23479.0,65.0,60.0,65.0,0.0,-1991.0,-385.0,10657.0,12648.0,1.292384186272132,1808.9522370199998,-158.85222548000002,285.81628980000005,1935.9163013400002,-2900.0,偏空｜外資現貨大買；外資期貨淨空增；現貨買／期貨空→偏避險,-1
2026-04-17,-20.39543335,-84.02959512,-8.51031507,-27.13822081,-140.07356435,-35.64853588,1297.0,-5468.0,3888.0,9356.0,-333.0,42292.0,46238.0,3946.0,-1467.0,-41151.0,18245.0,59396.0,461.0,-17494.0,17182.0,16721.0,-355.0,0.0,5.0,360.0,-162.0,-3116.0,7487.0,7649.0,2870.0,-5049.0,21706.0,18836.0,65.0,0.0,65.0,0.0,-1049.0,631.0,9932.0,10981.0,1.3265660478162147,1500.47409159,-199.87076476,127.58619554000003,1428.18952237,-1468.0,偏空｜投信賣超,-1
2026-04-20,43.46379017,-20.31088234,5.58815918,-54.01299617,-25.27192916,-48.42483699,1165.0,-4264.0,4020.0,8284.0,-190.0,42102.0,46043.0,3941.0,-635.0,-42618.0,18280.0,60898.0,6041.0,5580.0,27818.0,21777.0,-365.0,-10.0,5.0,370.0,-291.0,-129.0,8453.0,8744.0,9479.0,6609.0,31769.0,22290.0,65.0,0.0,65.0,0.0,-587.0,462.0,11902.0,12489.0,1.4080208210102922,1705.7244499999997,-280.67687656000004,39.27607108000002,1464.3236445200002,-1467.0,偏空｜現貨買／期貨空→偏避險；投信賣超,-1
2026-04-21,601.53727909,80.59253703,5.9104596,-13.04431512,674.9959606,-7.13385552,-938.0,-5203.0,3311.0,8514.0,803.0,42905.0,46684.0,3779.0,1335.0,-41295.0,20082.0,61377.0,7360.0,1319.0,31040.0,23680.0,-375.0,-10.0,5.0,380.0,635.0,926.0,10002.0,9367.0,6109.0,-3370.0,32839.0,26730.0,65.0,0.0,65.0,0.0,-749.0,-162.0,12521.0,13270.0,1.2518496300739852,1618.18269511,-140.10541053,-23.064761949999987,1455.0125226300001,1323.0,偏多確認｜外資現貨大買；投信買超,2
2026-04-22,116.0939732,37.13321157,13.27544416,-5.89530623,160.6073227,7.38013793,775.0,-4400.0,3404.0,7804.0,-1153.0,41752.0,45531.0,3779.0,-1260.0,-42555.0,19557.0,62112.0,4356.0,-7028.0,20617.0,16261.0,-375.0,0.0,5.0,380.0,-348.0,-3105.0,7510.0,7858.0,6628.0,-9564.0,25020.0,18392.0,65.0,0.0,65.0,0.0,1.0,305.0,11363.0,11362.0,1.5130492676431424,1180.77473021,-14.033617669999998,34.62743911000001,1201.3685516500004,-1260.0,偏多｜外資現貨大買；現貨買／期貨空→偏避險；投信買超,1
2026-04-23,-27.54993997,13.56182124,-78.09581269,-113.80872172,-205.89265314,-191.90453441,1672.0,-3118.0,3543.0,6661.0,-443.0,41309.0,45286.0,3977.0,-1478.0,-44027.0,18185.0,62212.0,6291.0,1935.0,28629.0,22338.0,-461.0,-86.0,4.0,465.0,495.0,843.0,10307.0,9812.0,9433.0,2805.0,32056.0,22623.0,65.0,0.0,65.0,0.0,77.0,76.0,13069.0,12992.0,1.26797322208208,713.14966914,26.94709238,-275.73162487,464.36513665000024,-1472.0,中性／雜訊,0
2026-04-24,439.07871828,22.17080841,2.94857611,85.83508575,550.03318855,88.78366186,-1977.0,-4962.0,2923.0,7885.0,418.0,41727.0,45735.0,4008.0,3402.0,-40633.0,20056.0,60689.0,735.0,-5541.0,17161.0,16426.0,-397.0,-1.0,3.0,400.0,2338.0,1755.0,10626.0,8288.0,4397.0,-21569.0,26291.0,21894.0,65.0,0.0,65.0,0.0,612.0,-3541.0,12367.0,11755.0,1.1638434029738378,1172.6238207699998,133.14749591,-151.29942713,1154.4718895500002,3394.0,偏多確認｜外資現貨大買；外資期貨淨多增；投信買超,2
2026-04-27,-511.96158919,145.01538803,-5.48434075,-99.94493715,-472.37547906,-105.4292779,1074.0,-3792.0,3168.0,6960.0,918.0,42645.0,47132.0,4487.0,-3603.0,-44223.0,18523.0,62746.0,8183.0,7448.0,29558.0,21375.0,-399.0,-2.0,1.0,400.0,2533.0,195.0,12469.0,9936.0,5680.0,1283.0,33728.0,28048.0,65.0,0.0,65.0,0.0,1362.0,750.0,14929.0,13567.0,1.1972892774079718,617.19844141,298.47376628,-208.30386804,707.3683396500002,-3590.0,偏空確認｜外資現貨大賣；外資期貨淨空增；投信買超,-2
2026-04-28,-392.9803495,56.41669506,-9.05064823,12.56709045,-333.04721222,3.51644222,1071.0,-2708.0,4294.0,7002.0,-72.0,42573.0,47093.0,4520.0,-1598.0,-45869.0,17922.0,63791.0,11556.0,3373.0,35975.0,24419.0,-399.0,0.0,1.0,400.0,2770.0,237.0,14003.0,11233.0,5795.0,115.0,38236.0,32441.0,65.0,0.0,65.0,0.0,2794.0,1432.0,17630.0,14836.0,1.2590159251588946,-377.31918718000003,274.29792431,-197.6535703,-300.6748331699997,-1646.0,偏空確認｜外資現貨大賣；外資期貨淨空增；投信買超,-2
2026-04-29,-481.47448725,21.28326015,-17.32778262,1.33659631,-476.18241341,-15.99118631,1517.0,-1317.0,4732.0,6049.0,-378.0,42195.0,46801.0,4606.0,-66.0,-47074.0,18063.0,65137.0,2578.0,-22038.0,19845.0,17267.0,-409.0,-10.0,1.0,410.0,1864.0,-1162.0,11319.0,9455.0,11907.0,-3238.0,33207.0,21300.0,65.0,0.0,65.0,0.0,2199.0,-2221.0,15947.0,13748.0,1.4088700415231028,-974.88764763,258.44797288999996,-221.02489454,-937.4645692799998,-1205.0,偏空｜外資現貨大賣；投信買超,-1
2026-04-30,-535.61725108,10.83212776,-8.10302513,0.21432929,-532.67381916,-7.88869584,-299.0,-1539.0,4708.0,6247.0,122.0,42317.0,46884.0,4567.0,3006.0,-44044.0,19569.0,63613.0,7005.0,4427.0,26318.0,19313.0,-409.0,0.0,1.0,410.0,1836.0,-28.0,13152.0,11316.0,13525.0,1618.0,41734.0,28209.0,65.0,0.0,65.0,0.0,2285.0,86.0,17480.0,15195.0,1.3290754257907542,-1482.95495874,255.71827941,-37.00905596999999,-1264.2457352999998,3030.0,中性／雜訊｜外資現貨大賣；外資期貨淨多增；現貨賣／期貨多→可能回補或對沖,0
2026-05-04,669.75700753,20.28457546,14.26711189,75.13889947,779.44759435,89.40601136,-843.0,-1964.0,4399.0,6363.0,1789.0,44106.0,48625.0,4519.0,-876.0,-43504.0,21596.0,65100.0,3724.0,-5182.0,21364.0,17640.0,-409.0,0.0,1.0,410.0,2737.0,449.0,12761.0,10024.0,7908.0,-23331.0,34573.0,26665.0,65.0,0.0,65.0,0.0,1370.0,-4510.0,15680.0,14310.0,1.2287438288535382,-1252.27666949,253.83204646000002,-36.38670646999999,-1034.8313294999998,540.0,偏多確認｜外資現貨大買；投信買超,2
2026-05-05,39.90267133,37.26924984,5.79708791,-106.66952607,-23.70051699,-100.87243816,1133.0,-848.0,4812.0,5660.0,103.0,44209.0,48828.0,4619.0,-4107.0,-48687.0,20156.0,68843.0,3868.0,144.0,25898.0,22030.0,-521.0,-112.0,1.0,522.0,2754.0,17.0,14141.0,11387.0,10414.0,2506.0,41848.0,31434.0,67.0,2.0,67.0,0.0,2524.0,1154.0,18286.0,15762.0,1.2931192984937416,-700.4124089699999,146.08590827,-31.829866729999992,-586.1563674299997,-5183.0,偏空｜外資期貨淨空增；現貨買／期貨空→偏避險；投信買超,-1
2026-05-06,751.04907794,15.21231925,-43.94258392,-52.1635224,670.15529087,-96.10610632,-340.0,-1237.0,4524.0,5761.0,889.0,45098.0,49865.0,4767.0,-2280.0,-50967.0,19078.0,70045.0,1960.0,-9808.0,18441.0,16481.0,-429.0,46.0,1.0,430.0,1946.0,-987.0,12398.0,10452.0,9690.0,-9134.0,34534.0,24844.0,67.0,0.0,67.0,0.0,2412.0,-2769.0,16855.0,14443.0,1.3594934666881755,443.61701847000006,104.88153246000002,-131.45241527,417.04613566000035,-2280.0,偏空｜外資現貨大買；外資期貨淨空增；現貨買／期貨空→偏避險,-1
2026-05-07,464.1152657,150.52328712,14.02567276,-55.44833723,573.21588835,-41.42266447,194.0,-1034.0,4645.0,5679.0,1079.0,46177.0,50998.0,4821.0,-163.0,-51132.0,20333.0,71465.0,4055.0,2095.0,22738.0,18683.0,-429.0,0.0,1.0,430.0,1393.0,-553.0,13836.0,12443.0,8343.0,-1347.0,40033.0,31690.0,67.0,0.0,67.0,0.0,2302.0,-110.0,19073.0,16771.0,1.37850534836658,1389.20677142,234.12155943,-156.88389343,1466.4444374200002,-165.0,偏多確認｜外資現貨大買；投信買超,2
2026-05-08,-120.84537571,19.57298675,-26.19160776,-74.17568941,-201.63968613,-100.36729717,643.0,-500.0,5377.0,5877.0,130.0,46307.0,51381.0,5074.0,-2317.0,-54530.0,20593.0,75123.0,1796.0,-13443.0,18680.0,16884.0,-429.0,0.0,1.0,430.0,1770.0,-1239.0,12862.0,11092.0,5341.0,-4448.0,34609.0,29268.0,127.0,60.0,127.0,0.0,3551.0,-1291.0,18494.0,14943.0,1.4378790234800187,1803.9786467899999,242.86241842000004,-249.36249476,1797.4785704500002,-3398.0,偏空確認｜外資現貨大賣；外資期貨淨空增,-2
2026-05-11,-109.83504002,124.88284112,7.89669891,29.40644906,52.35094907,37.30314797,542.0,26.0,5626.0,5600.0,302.0,46609.0,51653.0,5044.0,280.0,-54225.0,21382.0,75607.0,4897.0,3101.0,24738.0,19841.0,-429.0,0.0,1.0,430.0,3260.0,1490.0,14977.0,11717.0,7363.0,2022.0,39900.0,32537.0,127.0,0.0,127.0,0.0,4073.0,522.0,19523.0,15450.0,1.3035320825265406,1024.38659924,347.46068408,-301.46535815,1070.3819251700004,305.0,偏空｜外資現貨大賣；投信買超,-1
2026-05-12,-304.93779941,383.17065036,-47.52893016,-159.10689172,-128.40297093,-206.63582188,-317.0,-384.0,4948.0,5332.0,-1744.0,44865.0,49961.0,5096.0,1153.0,-53072.0,22285.0,75357.0,6697.0,1800.0,28585.0,21888.0,-429.0,0.0,1.0,430.0,2902.0,-358.0,15579.0,12677.0,5614.0,-1749.0,43858.0,38244.0,127.0,0.0,127.0,0.0,6733.0,2660.0,22662.0,15929.0,1.4546504910456384,679.5461284999999,693.3620846000001,-407.22874186999996,965.6794712300004,1153.0,偏空｜外資現貨大賣；現貨賣／期貨多→可能回補或對沖；投信買超,-1
2026-05-13,-434.29473975,260.61631805,-51.46381266,-251.19865993,-476.34089429,-302.66247259,836.0,383.0,6129.0,5746.0,-278.0,44587.0,49734.0,5147.0,295.0,-52760.0,22098.0,74858.0,9783.0,-8899.0,28094.0,18311.0,-429.0,0.0,1.0,430.0,928.0,1271.0,12073.0,11145.0,7294.0,-7416.0,38883.0,31589.0,127.0,0.0,127.0,0.0,4559.0,-3941.0,22159.0,17600.0,1.8354178745962064,-505.79768919,938.7660834000001,-613.7851081399999,-180.81671392999976,312.0,偏空｜外資現貨大賣；投信買超,-1
2026-05-14,45.42624703,142.96112792,-9.00052519,-3.62677201,175.76007775,-12.6272972,324.0,622.0,6419.0,5797.0,-1471.0,43116.0,48561.0,5445.0,1673.0,-51068.0,22401.0,73469.0,9726.0,-57.0,30703.0,20977.0,-429.0,0.0,1.0,430.0,1526.0,598.0,14383.0,12857.0,5933.0,-1361.0,44429.0,38496.0,127.0,0.0,127.0,0.0,7766.0,3207.0,26963.0,19197.0,1.8746436765626087,-924.48670786,931.2039242000001,-584.98974087,-578.2725245299998,1692.0,偏多確認｜外資期貨淨多增；投信買超；選擇權 PCR 偏高≥1.85（≈P80）,2
2026-05-15,-104.26586381,-13.67237707,-52.95204306,-196.4827872,-367.37307114,-249.43483026,-121.0,734.0,6648.0,5914.0,-1378.0,41738.0,47469.0,5731.0,158.0,-50963.0,20970.0,71933.0,10007.0,-26625.0,28235.0,18228.0,-429.0,0.0,1.0,430.0,2806.0,-2176.0,14387.0,11581.0,6467.0,-1147.0,41370.0,34903.0,127.0,0.0,127.0,0.0,8055.0,3054.0,25708.0,17653.0,1.7868909432126225,-907.9071959600001,897.9585603800001,-734.05727396,-744.0059095399997,105.0,偏空｜外資現貨大賣,-1
2026-05-18,-452.40962622,166.64751995,-10.9474613,-128.31639672,-425.02596429,-139.26385802,809.0,1550.0,7090.0,5540.0,-2015.0,39723.0,45517.0,5794.0,5996.0,-44996.0,21791.0,66787.0,15617.0,5610.0,38377.0,22760.0,-429.0,0.0,1.0,430.0,4326.0,1520.0,17365.0,13039.0,15059.0,8592.0,53310.0,38251.0,127.0,0.0,127.0,0.0,8257.0,202.0,27769.0,19512.0,1.5991361934926576,-1250.48178216,939.72323921,-910.6242799500001,-1221.3828228999996,5967.0,偏多｜外資現貨大賣；外資期貨淨多增；現貨賣／期貨多→可能回補或對沖,1
2026-05-19,-632.34953627,81.66572955,-33.84488444,-189.67036988,-774.19906104,-223.51525432,898.0,2612.0,7824.0,5212.0,-1081.0,38642.0,44542.0,5900.0,-377.0,-45376.0,21448.0,66824.0,14168.0,-1449.0,45451.0,31283.0,-529.0,-100.0,1.0,530.0,4397.0,71.0,18650.0,14253.0,14667.0,-392.0,56079.0,41412.0,127.0,0.0,127.0,0.0,9068.0,811.0,29758.0,20690.0,1.5956032171581769,-1577.89351902,638.2183184,-927.5037123899999,-1867.1789130099996,-380.0,偏空｜外資現貨大賣；投信買超,-1
2026-05-20,-466.20615982,102.08758587,-65.50106672,-130.19824906,-559.81788973,-195.69931578,573.0,2448.0,6772.0,4324.0,341.0,38983.0,44928.0,5945.0,-803.0,-42744.0,18699.0,61443.0,-679.0,-18500.0,14625.0,15304.0,-10.0,7.0,7.0,17.0,1472.0,-2750.0,6768.0,5296.0,470.0,-10801.0,16121.0,15651.0,13.0,13.0,13.0,0.0,3832.0,631.0,15284.0,11452.0,2.258274231678487,-1609.8049390899998,479.68958622,-820.5405555799999,-1950.6559084499995,2632.0,偏多｜外資現貨大賣；外資期貨淨多增；現貨賣／期貨多→可能回補或對沖,1
2026-05-21,603.4068296,53.80299112,64.22167324,131.73925708,853.17075104,195.96093032,-1207.0,1255.0,5861.0,4606.0,1744.0,40713.0,46431.0,5718.0,-1725.0,-44454.0,17834.0,62288.0,4484.0,5163.0,22476.0,17992.0,-350.0,-340.0,7.0,357.0,2209.0,737.0,9600.0,7391.0,4951.0,4481.0,26752.0,21801.0,13.0,0.0,13.0,0.0,3670.0,-162.0,17736.0,14066.0,1.8475,-1051.8243565199998,390.53144942000006,-611.9523280599999,-1273.2452351599998,-1710.0,中性／雜訊｜外資現貨大買；外資期貨淨空增；現貨買／期貨空→偏避險,0
2026-05-22,761.36532653,112.2578656,67.88196043,126.88129825,1068.38645081,194.76325868,-349.0,929.0,5609.0,4680.0,1334.0,42047.0,47640.0,5593.0,-2059.0,-46483.0,16747.0,63230.0,-319.0,-3226.0,14212.0,14531.0,-350.0,0.0,7.0,357.0,1901.0,-101.0,7964.0,6063.0,1075.0,-20935.0,19097.0,18022.0,13.0,0.0,13.0,0.0,3893.0,-2236.0,16189.0,12296.0,2.032772476142642,-186.19316617999993,516.46169209,-167.75423911999994,162.51428679000037,-2029.0,中性／雜訊｜外資現貨大買；外資期貨淨空增；現貨買／期貨空→偏避險,0
2026-05-25,494.5916417,84.14059954,44.75399225,24.12267906,647.60891255,68.87667131,799.0,1728.0,6816.0,5088.0,971.0,43018.0,48466.0,5448.0,-4938.0,-51458.0,16232.0,67690.0,2094.0,2413.0,22241.0,20147.0,-395.0,-45.0,2.0,397.0,3224.0,1323.0,11086.0,7862.0,2467.0,1392.0,29299.0,26832.0,93.0,80.0,93.0,0.0,5433.0,1540.0,19759.0,14326.0,1.7823380840699983,760.80810174,433.95477168,40.386290210000055,1235.1491636300002,-4975.0,中性／雜訊｜外資現貨大買；外資期貨淨空增；現貨買／期貨空→偏避險,0
2026-05-26,354.36395452,53.82159791,18.76934266,30.33029706,457.28519215,49.09963972,253.0,1993.0,7482.0,5489.0,318.0,43336.0,48784.0,5448.0,-2874.0,-54391.0,15813.0,70204.0,1998.0,-96.0,27890.0,25892.0,-515.0,-120.0,2.0,517.0,3321.0,97.0,12286.0,8965.0,488.0,-1979.0,33920.0,33432.0,93.0,0.0,93.0,0.0,7043.0,1610.0,22529.0,15486.0,1.8337131694611752,1747.5215925300001,406.1106400400001,313.00118425000005,2466.63341682,-2933.0,中性／雜訊｜外資現貨大買；外資期貨淨空增；現貨買／期貨空→偏避險,0
2026-05-27,381.27903304,-42.19051039,-5.69608105,-25.61039515,307.78204645,-31.3064762,-377.0,1661.0,6929.0,5268.0,1937.0,45273.0,50621.0,5348.0,-1949.0,-56302.0,15979.0,72281.0,-176.0,-8100.0,15055.0,15231.0,-396.0,-1.0,1.0,397.0,1213.0,-3568.0,7480.0,6267.0,3847.0,-14721.0,27380.0,23533.0,93.0,0.0,93.0,0.0,4136.0,949.0,17153.0,13017.0,2.293181818181818,2595.00678539,261.8325437800001,477.39402383000004,3334.2333530000005,-1911.0,偏空｜外資現貨大買；外資期貨淨空增；現貨買／期貨空→偏避險,-1
2026-05-28,-381.36681812,-62.06044668,-47.3307591,-103.05271947,-593.81074337,-150.38347857,2524.0,3884.0,8355.0,4471.0,-506.0,44767.0,50140.0,5373.0,-545.0,-58196.0,16585.0,74781.0,-4954.0,-4778.0,21478.0,26432.0,-496.0,-100.0,1.0,497.0,1554.0,341.0,10691.0,9137.0,6329.0,2482.0,35593.0,29264.0,93.0,0.0,93.0,0.0,6343.0,2207.0,23545.0,17202.0,2.202319708165747,1610.2331376700001,145.96910598000008,131.04961494000005,1887.2518585900004,-1894.0,偏空確認｜外資現貨大賣；外資期貨淨空增；投信賣超,-2
2026-05-29,801.4546114,70.18067618,28.65270779,127.4193877,1027.70738307,156.07209549,-1811.0,2074.0,6682.0,4608.0,2159.0,46926.0,52228.0,5302.0,-3511.0,-60650.0,15766.0,76416.0,-3888.0,-3963.0,12625.0,16513.0,-406.0,0.0,1.0,407.0,2372.0,1399.0,9129.0,6757.0,3338.0,-26401.0,29915.0,26577.0,93.0,0.0,93.0,0.0,5043.0,-3457.0,21167.0,16124.0,2.3186548362361705,1650.3224225400002,103.89191656000007,92.35845175000009,1846.5727908500005,-2454.0,中性／雜訊｜外資現貨大買；外資期貨淨空增；現貨買／期貨空→偏避險,0
2026-06-01,368.17371952,77.58630147,2.07011449,-67.15610596,380.67402952,-65.08599147,379.0,2456.0,7217.0,4761.0,1493.0,48419.0,53713.0,5294.0,-3978.0,-64673.0,16134.0,80807.0,3060.0,6948.0,22194.0,19134.0,-406.0,0.0,1.0,407.0,3596.0,1224.0,11710.0,8114.0,4421.0,1083.0,35977.0,31556.0,93.0,0.0,93.0,0.0,6817.0,1774.0,24321.0,17504.0,2.076942783945346,1523.9045003600002,97.33761849000007,-41.60421102999992,1579.6379078200005,-4023.0,中性／雜訊｜外資現貨大買；外資期貨淨空增；現貨買／期貨空→偏避險,0
2026-06-02,108.4294818,28.20321473,-54.35018954,-103.33169154,-21.04918455,-157.68188108,107.0,2564.0,7664.0,5100.0,1346.0,49765.0,55075.0,5310.0,-2343.0,-67018.0,15432.0,82450.0,5330.0,2270.0,30008.0,24678.0,-491.0,-85.0,1.0,492.0,3600.0,4.0,13239.0,9639.0,4860.0,439.0,40069.0,35209.0,93.0,0.0,93.0,0.0,7454.0,637.0,26514.0,19060.0,2.0027192386131882,1277.9700276400001,71.71923531000007,-248.38573182999994,1101.3035311200003,-2345.0,中性／雜訊｜外資現貨大買；外資期貨淨空增；現貨買／期貨空→偏避險,0
2026-06-03,433.96335647,55.51570132,29.51561944,-3.54795702,515.44672021,25.96766242,-29.0,2474.0,6981.0,4507.0,1539.0,51304.0,56541.0,5237.0,177.0,-66772.0,15473.0,82245.0,-307.0,-6962.0,16820.0,17127.0,-417.0,-11.0,1.0,418.0,2667.0,-1309.0,9531.0,6864.0,3633.0,-24132.0,31965.0,28332.0,93.0,0.0,93.0,0.0,7029.0,-9.0,23271.0,16242.0,2.441611583254643,1330.6543510700003,169.42544702000006,-191.1115932099999,1308.9682048800005,246.0,偏多確認｜外資現貨大買；投信買超；選擇權 PCR 極端≥2.25（≈P90）,2
2026-06-04,-756.85430944,41.69222789,-29.72687707,-183.9384604,-928.82741902,-213.66533747,739.0,3219.0,8233.0,5014.0,554.0,51858.0,57154.0,5296.0,-2704.0,-69476.0,15138.0,84614.0,-1144.0,-837.0,27755.0,28899.0,-417.0,0.0,1.0,418.0,1961.0,-706.0,10736.0,8775.0,9034.0,5401.0,41648.0,32614.0,93.0,0.0,93.0,0.0,7841.0,812.0,25539.0,17698.0,2.3788189269746645,955.1668597500003,273.17812159000005,-254.3934521099999,973.9515292300005,-2704.0,偏空確認｜外資現貨大賣；外資期貨淨空增；投信買超,-2
2026-06-05,-826.31158863,16.20186439,-72.8087807,-211.49836705,-1094.41687199,-284.30714775,1501.0,4807.0,9340.0,4533.0,302.0,52160.0,57526.0,5366.0,1016.0,-69146.0,12857.0,82003.0,-1096.0,-16851.0,18627.0,19723.0,-418.0,-1.0,1.0,419.0,2414.0,-2130.0,9785.0,7371.0,5015.0,-5911.0,33646.0,28631.0,93.0,0.0,93.0,0.0,6491.0,-712.0,23584.0,17093.0,2.41021972406745,-672.5993402799996,219.19930980000004,-694.7726953499999,-1148.1727258299995,330.0,偏空｜外資現貨大賣；選擇權 PCR 極端≥2.25（≈P90）,-1
2026-06-08,-938.51546891,87.757257,-98.21441715,-393.25401232,-1342.22664138,-491.46842947,596.0,5446.0,9637.0,4191.0,1714.0,53874.0,59541.0,5667.0,3524.0,-65501.0,11990.0,77491.0,1227.0,2323.0,29355.0,28128.0,-618.0,-200.0,1.0,619.0,2512.0,98.0,12367.0,9855.0,8933.0,3918.0,41663.0,32730.0,193.0,100.0,193.0,0.0,6577.0,86.0,26398.0,19821.0,2.1345516293361366,-1979.2885287099996,229.37026533000005,-1121.15513335,-2871.0733967299993,3645.0,偏多｜外資現貨大賣；外資期貨淨多增；現貨賣／期貨多→可能回補或對沖,1
2026-06-09,-917.33415946,232.83537434,-51.22810989,-15.68863237,-751.41552738,-66.91674226,-1288.0,4077.0,8335.0,4258.0,1379.0,55253.0,60730.0,5477.0,2388.0,-61871.0,9344.0,71215.0,8741.0,7514.0,39874.0,31133.0,-1335.0,-717.0,1.0,1336.0,4377.0,1865.0,15105.0,10728.0,293.0,-8640.0,44389.0,44096.0,193.0,0.0,193.0,0.0,8993.0,2416.0,30776.0,21783.0,2.0374710360807677,-3005.05216997,434.00242494,-1030.38999453,-3601.4397395599995,3630.0,偏多｜外資現貨大賣；外資期貨淨多增；現貨賣／期貨多→可能回補或對沖,1
2026-06-10,-935.73711945,166.96218878,-78.73287661,-326.78205652,-1174.2898638,-405.51493313,1051.0,4853.0,8420.0,3567.0,-1067.0,54186.0,59889.0,5703.0,-81.0,-61949.0,9129.0,71078.0,2885.0,-20287.0,24856.0,21971.0,-835.0,0.0,1.0,836.0,2935.0,-4312.0,11414.0,8479.0,-1211.0,-17275.0,34801.0,36012.0,193.0,0.0,193.0,0.0,6363.0,-33.0,25240.0,18877.0,2.2113194322761522,-4374.75264589,545.4489124,-1461.8725900799998,-5291.176323569999,-78.0,偏空｜外資現貨大賣；投信買超；選擇權 PCR 偏高≥1.85（≈P80）,-1
2026-06-11,-357.79281338,132.44775137,7.29063997,-131.29224727,-349.34666931,-124.0016073,-706.0,4155.0,8380.0,4225.0,1126.0,55312.0,61092.0,5780.0,-1182.0,-63168.0,8969.0,72137.0,8240.0,5355.0,37049.0,28809.0,-1595.0,-760.0,1.0,1596.0,2588.0,-347.0,12716.0,10128.0,5490.0,6701.0,46772.0,41282.0,193.0,0.0,193.0,0.0,5413.0,-950.0,26598.0,21185.0,2.0916955017301038,-3975.6911498299996,636.20443588,-1372.2088599099998,-4711.695573859999,-1219.0,偏空｜外資現貨大賣；投信買超；選擇權 PCR 偏高≥1.85（≈P80）,-1
2026-06-12,286.90268352,142.33248854,28.3981177,61.02720567,518.66049543,89.42532337,-464.0,3568.0,8116.0,4548.0,1799.0,57111.0,62719.0,5608.0,-1900.0,-65039.0,9318.0,74357.0,8325.0,-5445.0,28974.0,20649.0,-1595.0,-300.0,1.0,1596.0,2347.0,-3993.0,11507.0,9160.0,-1296.0,-22586.0,37094.0,38390.0,193.0,0.0,193.0,0.0,5948.0,189.0,26873.0,20925.0,2.335361084557226,-2862.4768776799997,762.33506003,-998.4763887899999,-3098.6182064399995,-1871.0,中性／雜訊｜外資現貨大買；外資期貨淨空增；現貨買／期貨空→偏避險,0
2026-06-15,465.31920437,64.43965719,64.88530623,60.35186484,654.99603263,125.23717107,-948.0,2618.0,8351.0,5733.0,591.0,57702.0,63010.0,5308.0,-2914.0,-66734.0,12920.0,79654.0,13091.0,4766.0,35778.0,22687.0,-1635.0,-40.0,1.0,1636.0,3267.0,920.0,13737.0,10470.0,-3996.0,-2700.0,44742.0,48738.0,273.0,80.0,273.0,0.0,12682.0,6734.0,35567.0,22885.0,2.5891388221591325,-1458.6422043999999,739.01746022,-381.7707882499999,-1101.3955324299995,-1695.0,中性／雜訊｜外資現貨大買；外資期貨淨空增；現貨買／期貨空→偏避險,0
2026-06-16,407.98197749,118.23660943,34.1032957,26.78440333,587.10628595,60.88769903,-564.0,2219.0,7794.0,5575.0,-808.0,56894.0,62169.0,5275.0,-3145.0,-69847.0,11803.0,81650.0,15238.0,2147.0,41129.0,25891.0,-1535.0,100.0,1.0,1536.0,3298.0,31.0,14514.0,11216.0,-16314.0,-12318.0,44936.0,61250.0,273.0,0.0,273.0,0.0,15591.0,2909.0,39374.0,23783.0,2.7128289926967066,-133.32606744999975,624.4186953100001,-253.96634695999992,237.12628090000044,-3113.0,中性／雜訊｜外資現貨大買；外資期貨淨空增；現貨買／期貨空→偏避險,0
2026-06-17,-206.83737771,-2.06062001,18.76576965,-61.45439321,-251.58662128,-42.68862356,1858.0,72.0,4121.0,4049.0,189.0,57083.0,62358.0,5275.0,-729.0,-67394.0,9996.0,77390.0,1322.0,-10767.0,11247.0,9925.0,-266.0,7.0,7.0,273.0,-1227.0,40.0,3056.0,4283.0,842.0,-12601.0,12228.0,11386.0,87.0,87.0,87.0,0.0,1526.0,-2235.0,8868.0,7342.0,2.9018324607329844,595.5736742900003,455.39588652000003,108.85996261000011,1159.8295234200004,2453.0,中性／雜訊｜外資現貨大賣；外資期貨淨多增；現貨賣／期貨多→可能回補或對沖,0
2026-06-18,211.46738929,-53.56809071,58.57544944,96.30728175,312.78202977,154.88273119,54.0,63.0,4252.0,4189.0,1514.0,58597.0,63555.0,4958.0,223.0,-68337.0,10085.0,78422.0,7716.0,6394.0,23184.0,15468.0,-1506.0,-1240.0,7.0,1513.0,-1470.0,-243.0,4871.0,6341.0,601.0,-241.0,23192.0,22591.0,87.0,0.0,87.0,0.0,3822.0,2296.0,13254.0,9432.0,2.721001847669883,1164.8338769600002,269.3800444400001,387.74430110000014,1821.9582225000004,-943.0,偏多｜外資現貨大買；投信賣超；選擇權 PCR 極端≥2.25（≈P90）,1
2026-06-22,684.57583377,-105.17908392,33.40922253,87.62847077,700.43444315,121.0376933,-627.0,-563.0,3687.0,4250.0,2599.0,61196.0,66059.0,4863.0,-2006.0,-70290.0,11004.0,81294.0,3541.0,-2231.0,14812.0,11271.0,-1408.0,-202.0,5.0,1413.0,-251.0,-30.0,4591.0,4842.0,557.0,-20885.0,19425.0,18868.0,87.0,0.0,87.0,0.0,4558.0,2119.0,12692.0,8134.0,2.7645393160531473,1562.5070272100002,21.868471980000066,419.35667103000014,2003.7321702200004,-1953.0,偏空｜外資現貨大買；外資期貨淨空增；現貨買／期貨空→偏避險,-1
2026-06-23,-385.92352641,72.35957802,-26.39503845,-143.44647379,-483.40546063,-169.84151224,1483.0,930.0,5232.0,4302.0,-1016.0,60180.0,65128.0,4948.0,-6136.0,-76502.0,10506.0,87008.0,6184.0,2643.0,25583.0,19399.0,-1408.0,0.0,5.0,1413.0,1075.0,1326.0,7512.0,6437.0,3752.0,3195.0,28186.0,24434.0,87.0,0.0,87.0,0.0,6772.0,2214.0,16415.0,9643.0,2.185170394036209,711.2642964300002,29.78839281000006,124.27798772000008,865.3306769600005,-6212.0,偏空確認｜外資現貨大賣；外資期貨淨空增；投信買超,-2
2026-06-24,-1774.03206868,32.99888081,-50.11910581,-314.74489037,-2105.89718405,-364.86399618,2455.0,3277.0,7647.0,4370.0,577.0,60757.0,66066.0,5309.0,-4877.0,-83605.0,7263.0,90868.0,-773.0,-19272.0,14529.0,15302.0,-1538.0,-410.0,5.0,1543.0,-765.0,-1382.0,4473.0,5238.0,5850.0,-8612.0,22855.0,17005.0,87.0,10.0,87.0,0.0,3981.0,-366.0,14920.0,10939.0,3.3355689693717863,-1470.74974974,-55.44933580999994,-301.4737074899999,-1827.6727930399993,-7103.0,偏空確認｜外資現貨大賣；外資期貨淨空增；投信買超,-2
2026-06-25,-405.10043503,174.16589807,-22.54491262,-47.46515182,-300.9446014,-70.01006444,-323.0,3003.0,7349.0,4346.0,164.0,60921.0,66672.0,5751.0,2509.0,-81051.0,6034.0,87085.0,6863.0,7636.0,26998.0,20135.0,-1588.0,-50.0,5.0,1593.0,-974.0,-209.0,6210.0,7184.0,5703.0,-147.0,31299.0,25596.0,87.0,0.0,87.0,0.0,3916.0,-65.0,16695.0,12779.0,2.6884057971014492,-1669.01280706,120.77718227000005,-328.79514836999994,-1877.0307731599994,2554.0,偏多｜外資現貨大賣；外資期貨淨多增；現貨賣／期貨多→可能回補或對沖,1
2026-06-26,-1431.89215451,101.03297351,-161.19120652,-546.14692008,-2038.1973076,-707.3381266,1477.0,4641.0,8088.0,3447.0,326.0,61247.0,67223.0,5976.0,4700.0,-76391.0,7493.0,83884.0,-1997.0,-19072.0,13857.0,15854.0,-1708.0,-570.0,5.0,1713.0,-1022.0,-3020.0,4655.0,5677.0,2196.0,-7929.0,21078.0,18882.0,87.0,100.0,87.0,0.0,4512.0,1305.0,16003.0,11491.0,3.43780880773362,-3312.3723508599996,275.37824649000004,-1191.01600616,-4228.010110529999,4660.0,偏多｜外資現貨大賣；外資期貨淨多增；現貨賣／期貨多→可能回補或對沖,1
2026-06-29,-43.36207557,145.19080129,-19.74353788,-26.18533897,55.89984887,-45.92887685,-2118.0,2415.0,6536.0,4121.0,1715.0,62962.0,69122.0,6160.0,-301.0,-76627.0,7494.0,84121.0,2919.0,4916.0,20903.0,17984.0,-1757.0,-49.0,6.0,1763.0,9.0,1031.0,7283.0,7274.0,5612.0,3416.0,29424.0,23812.0,117.0,30.0,117.0,0.0,4220.0,-292.0,17543.0,13323.0,2.408760126321571,-4040.3102602,525.7481317,-1357.98257631,-4872.5447048099995,-236.0,偏多｜投信買超；選擇權 PCR 極端≥2.25（≈P90）,1
2026-06-30,-5.08728992,3.65126892,41.89013216,103.96059065,144.41470181,145.85072281,-837.0,1571.0,6022.0,4451.0,3661.0,66623.0,72749.0,6126.0,-6454.0,-83063.0,5391.0,88454.0,2554.0,-365.0,23098.0,20544.0,-1757.0,0.0,6.0,1763.0,1406.0,1397.0,9634.0,8228.0,5719.0,107.0,32587.0,26868.0,117.0,0.0,117.0,0.0,5759.0,1539.0,20692.0,14933.0,2.1478098401494705,-3659.47402371,457.03982260000004,-1042.29034126,-4244.724542369999,-6436.0,偏空｜外資期貨淨空增；選擇權 PCR 偏高≥1.85（≈P80）,-1
2026-07-01,323.75599806,156.02734212,-1.72766157,61.11242474,539.16810335,59.38476317,67.0,1592.0,6129.0,4537.0,571.0,67194.0,73084.0,5890.0,-1088.0,-84168.0,5526.0,89694.0,561.0,-2708.0,15639.0,15078.0,-1435.0,-128.0,6.0,1441.0,-507.0,-2369.0,5395.0,5902.0,2194.0,-13714.0,22109.0,19915.0,87.0,80.0,87.0,0.0,4775.0,243.0,16575.0,11800.0,3.072289156626506,-1561.68595697,580.06828391,-618.04158191,-1599.6592549699994,-1105.0,偏多｜外資現貨大買；現貨買／期貨空→偏避險；投信買超,1
2026-07-02,-890.46513677,99.5563765,11.00223148,-54.2846523,-834.19118109,-43.28242082,2042.0,3683.0,8087.0,4404.0,-784.0,66410.0,72344.0,5934.0,-267.0,-84487.0,4770.0,89257.0,1385.0,824.0,23014.0,21629.0,-1585.0,-150.0,6.0,1591.0,-661.0,-154.0,6860.0,7521.0,8099.0,5905.0,31942.0,23843.0,87.0,0.0,87.0,0.0,5580.0,805.0,19009.0,13429.0,2.770991253644315,-2047.0506587099999,505.45876234,-591.31393829,-2132.9058346599995,-319.0,偏空｜外資現貨大賣；投信買超；選擇權 PCR 極端≥2.25（≈P90）,-1
2026-07-03,-777.82612615,75.02170019,28.3360352,-60.93191776,-735.40030852,-32.59588256,-645.0,3071.0,7819.0,4748.0,803.0,67213.0,73101.0,5888.0,3455.0,-81052.0,6178.0,87230.0,-1490.0,2486.0,16489.0,17979.0,-1535.0,-800.0,6.0,1541.0,-641.0,-463.0,5574.0,6215.0,2714.0,-10976.0,24216.0,21502.0,87.0,100.0,87.0,0.0,6123.0,-2032.0,17877.0,11754.0,3.207212055974166,-1392.9846303499999,479.44748902000003,83.42830575000002,-830.1088355799994,3435.0,偏多｜外資現貨大賣；外資期貨淨多增；現貨賣／期貨多→可能回補或對沖,1
2026-07-06,-255.0449632,71.63451017,0.77098837,-97.98108109,-280.62054575,-97.21009272,-247.0,2670.0,7201.0,4531.0,41.0,67254.0,73263.0,6009.0,405.0,-80087.0,6297.0,86384.0,3697.0,4685.0,23230.0,19533.0,-1635.0,-95.0,6.0,1641.0,194.0,922.0,7629.0,7435.0,7127.0,2485.0,31386.0,24259.0,87.0,0.0,87.0,0.0,7720.0,1532.0,20030.0,12310.0,2.6255079302660898,-1604.6675179800002,405.89119790000007,32.14708988000001,-1166.6292301999995,965.0,偏空｜外資現貨大賣；投信買超；選擇權 PCR 極端≥2.25（≈P90）,-1
2026-07-07,-547.31070648,96.82759752,-126.09658615,-361.23819077,-937.81788588,-487.33477692,874.0,3793.0,8255.0,4462.0,933.0,68187.0,74373.0,6186.0,89.0,-80042.0,6562.0,86604.0,4734.0,1037.0,32448.0,27714.0,-1735.0,-100.0,6.0,1741.0,680.0,486.0,8852.0,8172.0,4836.0,-2291.0,33251.0,28415.0,87.0,0.0,87.0,0.0,10193.0,2473.0,26497.0,16304.0,2.993334839584275,-2146.8909345399998,499.06752650000004,-601.03840985,-2248.8618178899997,45.0,偏空｜外資現貨大賣；投信買超；選擇權 PCR 極端≥2.25（≈P90）,-1
2026-07-08,-379.48987989,126.80292684,-33.42696543,-136.00043693,-422.11435541,-169.42740236,-490.0,3311.0,8047.0,4736.0,1800.0,69987.0,76013.0,6026.0,-1195.0,-81268.0,5632.0,86900.0,2643.0,-17815.0,19819.0,17176.0,-1685.0,-600.0,6.0,1691.0,599.0,-1063.0,6905.0,6306.0,5300.0,-1464.0,27170.0,21870.0,87.0,80.0,87.0,0.0,6836.0,-1967.0,18725.0,11889.0,2.7118030412744387,-2850.13681249,469.84311122,-829.8505753800001,-3210.1442766499995,-1226.0,偏空｜外資現貨大賣；投信買超；選擇權 PCR 極端≥2.25（≈P90）,-1
2026-07-09,-472.52816429,199.00600663,-20.36187921,-56.3497789,-350.23381577,-76.71165811,-950.0,2243.0,7455.0,5212.0,1702.0,71689.0,77706.0,6017.0,468.0,-80730.0,6562.0,87292.0,9169.0,6526.0,31286.0,22117.0,-1712.0,-27.0,6.0,1718.0,193.0,-406.0,8061.0,7868.0,8014.0,2714.0,34190.0,26176.0,207.0,120.0,207.0,0.0,9728.0,2892.0,23060.0,13332.0,2.8606872596452053,-2432.19984001,569.29274135,-863.27981267,-2726.186911329999,538.0,偏空｜外資現貨大賣；投信買超；選擇權 PCR 極端≥2.25（≈P90）,-1
2026-07-13,-195.59763888,125.78555606,-19.64371489,-91.33931812,-180.79511583,-110.98303301,-943.0,1270.0,7010.0,5740.0,105.0,71794.0,77830.0,6036.0,-429.0,-81066.0,10564.0,91630.0,7005.0,-2745.0,24732.0,17727.0,-1652.0,-430.0,6.0,1658.0,1159.0,698.0,8197.0,7038.0,275.0,-5261.0,24992.0,24717.0,87.0,0.0,87.0,0.0,9703.0,2044.0,21838.0,12135.0,2.6641454190557523,-1849.97135274,620.0565972200001,-941.6669631200001,-2171.5817186399995,-336.0,偏空｜外資現貨大賣；投信買超；選擇權 PCR 極端≥2.25（≈P90）,-1
2026-07-14,-518.92812507,110.01561256,-13.06115077,-369.85031185,-791.82397513,-382.91146262,835.0,2352.0,7573.0,5221.0,2079.0,73873.0,79928.0,6055.0,-2219.0,-83390.0,10732.0,94122.0,12434.0,5429.0,38609.0,26175.0,-1642.0,10.0,6.0,1648.0,2333.0,1174.0,11369.0,9036.0,7081.0,6806.0,33064.0,25983.0,165.0,78.0,165.0,0.0,13201.0,3498.0,27170.0,13969.0,2.389831999296332,-2113.85451461,658.43769961,-1227.3683330200001,-2682.7851480199997,-2324.0,偏空確認｜外資現貨大賣；外資期貨淨空增；投信買超,-2
2026-07-15,-14.15388772,125.36287746,64.19682851,37.06420796,212.47002621,101.26103647,-1943.0,-664.0,3941.0,4605.0,1773.0,75646.0,81601.0,5955.0,1192.0,-79557.0,7319.0,86876.0,10362.0,-3103.0,19604.0,9242.0,-1323.0,-959.0,6.0,1329.0,-1620.0,-528.0,1487.0,3107.0,4992.0,-14930.0,13817.0,8825.0,6.0,6.0,6.0,0.0,3139.0,-4601.0,9655.0,6516.0,6.492938802958978,-1580.69769585,686.9729795500001,-638.77251963,-1532.4972359299995,3833.0,偏多確認｜外資期貨淨多增；現貨賣／期貨多→可能回補或對沖；投信買超,2
2026-07-16,-483.34970779,86.45131851,12.15349024,-45.72954753,-430.47444657,-33.57605729,1333.0,657.0,5377.0,4720.0,618.0,76264.0,82210.0,5946.0,-3207.0,-84453.0,5895.0,90348.0,9779.0,-583.0,27380.0,17601.0,-1923.0,-600.0,6.0,1929.0,-1920.0,-300.0,3941.0,5861.0,9446.0,4454.0,22212.0,12766.0,106.0,100.0,106.0,0.0,5086.0,1947.0,13849.0,8763.0,3.5140827201217966,-1684.5575237500002,646.62137122,-502.9211745600001,-1540.8573270899997,-4896.0,偏空確認｜外資現貨大賣；外資期貨淨空增；投信買超,-2
2026-07-17,-1883.14549057,73.47365087,-100.74858525,-721.04635641,-2631.46678136,-821.79494166,4014.0,4666.0,8531.0,3865.0,-1049.0,75215.0,81369.0,6154.0,-807.0,-86189.0,6867.0,93056.0,94.0,-20418.0,17238.0,17144.0,-1819.0,-546.0,6.0,1825.0,-1111.0,-4804.0,2922.0,4033.0,7416.0,646.0,18577.0,11161.0,124.0,118.0,124.0,0.0,3341.0,1379.0,10626.0,7285.0,3.6365503080082138,-3095.17485003,521.08901546,-1248.00445811,-3822.0902926799995,-1736.0,偏空確認｜外資現貨大賣；外資期貨淨空增；投信買超,-2
2026-07-20,-60.83677676,163.21796929,5.63980394,-86.28423883,21.73675764,-80.64443489,-1695.0,2974.0,7093.0,4119.0,-2769.0,72446.0,78642.0,6196.0,6561.0,-78337.0,10496.0,88833.0,3792.0,3698.0,25908.0,22116.0,-1815.0,4.0,11.0,1826.0,-606.0,505.0,4548.0,5154.0,9843.0,2427.0,23572.0,13729.0,129.0,5.0,129.0,0.0,3308.0,-33.0,11988.0,8680.0,2.6358839050131926,-2960.41398791,558.5214286900001,-1217.66585999,-3619.5584192099996,7852.0,偏多｜外資現貨大賣；外資期貨淨多增；現貨賣／期貨多→可能回補或對沖,1
2026-07-21,-43.31862847,171.13931143,13.97072266,21.10322922,162.89463484,35.07395188,-1764.0,1203.0,5607.0,4404.0,3124.0,75570.0,81608.0,6038.0,-198.0,-78490.0,9379.0,87869.0,7135.0,3343.0,29607.0,22472.0,-1973.0,-158.0,11.0,1984.0,915.0,1521.0,6890.0,5975.0,4950.0,-4893.0,25137.0,20187.0,129.0,0.0,129.0,0.0,6770.0,3462.0,19347.0,12577.0,2.8079825834542818,-2484.80449131,619.6451275600001,-799.6804454900001,-2664.8398092399993,-153.0,偏多｜投信買超；選擇權 PCR 極端≥2.25（≈P90）,1
2026-07-22,173.43992601,189.02892146,-34.55179703,10.57184546,338.4888959,-23.97995157,-65.0,1139.0,5108.0,3969.0,53.0,75623.0,81796.0,6173.0,465.0,-76595.0,8455.0,85050.0,4162.0,-4866.0,18343.0,14181.0,-1483.0,-220.0,11.0,1494.0,417.0,-5507.0,4744.0,4327.0,4069.0,-19950.0,18070.0,14001.0,9.0,0.0,9.0,0.0,2735.0,299.0,13093.0,10358.0,2.7599072512647553,-2297.21067758,683.31117156,-924.9214335300001,-2538.8209395499994,1895.0,偏多確認｜外資現貨大買；外資期貨淨多增；投信買超,2
2026-07-23,69.57913275,73.70034536,29.67390372,12.26514396,185.21852579,41.93904768,-405.0,739.0,4944.0,4205.0,-131.0,75492.0,81714.0,6222.0,1397.0,-75198.0,8155.0,83353.0,5229.0,1067.0,23099.0,17870.0,-2113.0,-630.0,11.0,2124.0,956.0,539.0,6365.0,5409.0,4684.0,615.0,23572.0,18888.0,9.0,0.0,9.0,0.0,4059.0,1324.0,15564.0,11505.0,2.445247446975648,-1744.28183704,670.5601984100001,-849.40632856,-1923.1279671899995,1397.0,偏多確認｜外資現貨大買；投信買超；選擇權 PCR 極端≥2.25（≈P90）,2
2026-07-24,-609.50489295,47.63491262,2.75867233,-114.27362266,-673.38493066,-111.51495033,1537.0,2258.0,6543.0,4285.0,-1654.0,73838.0,80216.0,6378.0,-1044.0,-76260.0,7107.0,83367.0,4119.0,-17812.0,18854.0,14735.0,-2113.0,-1030.0,11.0,2124.0,623.0,-130.0,5075.0,4452.0,3429.0,-7236.0,18833.0,15404.0,9.0,160.0,9.0,0.0,2976.0,662.0,13740.0,10764.0,2.7073891625615762,-470.64123942000003,644.7214601600001,-139.1263372300001,34.95388351000042,-1062.0,偏空｜外資現貨大賣；投信買超；選擇權 PCR 極端≥2.25（≈P90）,-1
2026-07-27,80.40249858,4.81268077,-4.4198769,-74.14996734,6.64533511,-78.56984424,-343.0,1891.0,6543.0,4652.0,273.0,74111.0,80139.0,6028.0,-1246.0,-78699.0,6870.0,85569.0,1385.0,-2734.0,23939.0,22554.0,-2303.0,-190.0,11.0,2314.0,1433.0,810.0,7023.0,5590.0,5335.0,1906.0,25456.0,20121.0,109.0,100.0,109.0,0.0,4681.0,1705.0,16978.0,12297.0,2.4174854050975365,-329.40196408,486.31617164000005,-137.0517465800001,19.862460980000424,-2439.0,偏空｜外資現貨大買；外資期貨淨空增；現貨買／期貨空→偏避險,-1
2026-07-28,-874.84625299,16.11819893,-12.2607818,-305.03655332,-1176.02538918,-317.29733512,689.0,2588.0,7675.0,5087.0,775.0,74886.0,79411.0,4525.0,-2544.0,-82255.0,7401.0,89656.0,-2325.0,-3710.0,28231.0,30556.0,-1703.0,600.0,11.0,1714.0,2296.0,863.0,9886.0,7590.0,8732.0,3397.0,30220.0,21488.0,248.0,139.0,248.0,0.0,6025.0,1344.0,20186.0,14161.0,2.041877402387214,-1160.9295886,331.2950591400001,-489.42303358000015,-1319.0575630399996,-3556.0,偏空確認｜外資現貨大賣；外資期貨淨空增；選擇權 PCR 偏高≥1.85（≈P80）,-2
2026-07-29,-222.51858551,57.05652231,-10.23381699,-175.75632732,-351.45220751,-185.99014431,383.0,2552.0,7399.0,4847.0,-144.0,74742.0,78241.0,3499.0,-525.0,-82785.0,11982.0,94767.0,3451.0,-15533.0,23077.0,19626.0,-2513.0,-1500.0,11.0,2524.0,239.0,-2839.0,5197.0,4958.0,11582.0,4676.0,23138.0,11556.0,45.0,37.0,45.0,0.0,3658.0,-1490.0,14856.0,11198.0,2.8585722532230133,-1556.88810012,199.32265999000006,-651.4332263200001,-2008.9986664499997,-530.0,偏空｜外資現貨大賣；投信買超；選擇權 PCR 極端≥2.25（≈P90）,-1
2026-07-30,-483.11819675,139.97412733,-5.04368492,-147.22165301,-495.40940735,-152.26533793,-617.0,1996.0,6991.0,4995.0,1115.0,75857.0,79257.0,3400.0,1781.0,-81017.0,13822.0,94839.0,6392.0,2941.0,30915.0,24523.0,-2703.0,-190.0,11.0,2714.0,202.0,-37.0,7224.0,7022.0,6998.0,-4584.0,24825.0,17827.0,145.0,100.0,145.0,0.0,3231.0,-427.0,16433.0,13202.0,2.274778516057586,-2109.58542962,265.59644196000005,-845.63761193,-2689.62659959,1768.0,偏多｜外資現貨大賣；外資期貨淨多增；現貨賣／期貨多→可能回補或對沖,1
2026-07-31,675.53825161,360.20110243,57.40718621,-220.00243211,873.14410814,-162.5952459,-4375.0,-2377.0,4767.0,7144.0,9468.0,85325.0,88383.0,3058.0,-4292.0,-82515.0,12704.0,95219.0,5404.0,3359.0,21839.0,16435.0,-2614.0,-1350.0,9.0,2623.0,1283.0,1409.0,7184.0,5901.0,5692.0,-5837.0,20904.0,15212.0,5.0,15.0,5.0,0.0,3423.0,-5181.0,15794.0,12371.0,2.1984966592427617,-824.5422850600003,578.1626317700001,-896.7179075000001,-1143.0975607899998,-1498.0,偏多｜外資現貨大買；現貨買／期貨空→偏避險；投信買超,1
2026-08-03,-191.90915634,233.24680573,-58.2678594,-148.26586402,-165.19607403,-206.53372342,3100.0,718.0,5669.0,4951.0,-1425.0,83900.0,87038.0,3138.0,-6096.0,-90038.0,9876.0,99914.0,5730.0,326.0,28613.0,22883.0,-2671.0,-57.0,9.0,2680.0,1677.0,394.0,9051.0,7374.0,3377.0,-2315.0,24102.0,20725.0,105.0,100.0,105.0,0.0,5675.0,2252.0,19163.0,13488.0,2.117224616064523,-1096.8539399800002,806.59675673,-1024.6817866800002,-1314.9389699299998,-7523.0,偏空確認｜外資現貨大賣；外資期貨淨空增；投信買超,-2
2026-08-04,-57.31532826,271.6516006,-86.74293929,-107.5444278,20.04890525,-194.28736709,1626.0,2356.0,6692.0,4336.0,-1352.0,82548.0,85936.0,3388.0,2155.0,-87858.0,8626.0,96484.0,3771.0,-1959.0,31436.0,27665.0,-2671.0,0.0,9.0,2680.0,2315.0,638.0,10457.0,8142.0,-2682.0,-6059.0,25177.0,27859.0,105.0,0.0,105.0,0.0,8990.0,3315.0,23045.0,14055.0,2.2037869369800136,-279.32301525000014,1062.1301584,-901.6718186500001,-118.86467549999962,2180.0,偏多｜外資現貨大賣；外資期貨淨多增；現貨賣／期貨多→可能回補或對沖,1
2026-08-05,903.08325824,112.66142456,-23.27226664,37.83893806,1030.31135422,14.56667142,-1028.0,1311.0,5799.0,4488.0,2027.0,84575.0,88007.0,3432.0,-571.0,-87199.0,9180.0,96379.0,5445.0,-7082.0,21991.0,16546.0,-2584.0,-1403.0,6.0,2590.0,1741.0,-5424.0,7603.0,5862.0,7218.0,-17935.0,23326.0,16108.0,5.0,60.0,5.0,0.0,1421.0,-1752.0,14108.0,12687.0,1.8555833223727476,846.2788284999998,1117.7350606500002,-701.11500292,1262.8988862300005,659.0,偏多確認｜外資現貨大買；投信買超；選擇權 PCR 偏高≥1.85（≈P80）,2
2026-08-06,20.1981814,94.08386624,-1.05021494,-62.07797093,51.15386177,-63.12818587,1299.0,2602.0,7060.0,4458.0,-412.0,84163.0,87666.0,3503.0,-2121.0,-89383.0,8953.0,98336.0,2181.0,-3264.0,24847.0,22666.0,-2825.0,-241.0,5.0,2830.0,2652.0,911.0,9345.0,6693.0,6959.0,-259.0,27613.0,20654.0,105.0,100.0,105.0,0.0,3772.0,2351.0,17399.0,13627.0,1.8618512573568753,1349.59520665,1071.8447995600002,-611.9778508600001,1809.4621553500006,-2184.0,偏空｜外資期貨淨空增；現貨買／期貨空→偏避險；投信買超,-1
2026-08-07,-407.1574379,-12.01721402,7.17438324,-16.85510198,-428.85537066,-9.68071874,-100.0,2512.0,7096.0,4584.0,-1086.0,83077.0,86632.0,3555.0,1449.0,-87911.0,8321.0,96232.0,5159.0,-8124.0,23471.0,18312.0,-2785.0,-1600.0,5.0,2790.0,2426.0,-5044.0,8342.0,5916.0,9266.0,-7322.0,24348.0,15082.0,5.0,0.0,5.0,0.0,2507.0,-869.0,15094.0,12587.0,1.809398225845121,266.8995171399998,699.6264831100001,-459.06332370000007,507.4626765500004,1472.0,偏空｜外資現貨大賣；現貨賣／期貨多→可能回補或對沖,-1
2026-08-10,517.40515132,34.01069421,52.78161199,131.89993146,736.09738898,184.68154345,-851.0,1679.0,6056.0,4377.0,674.0,83751.0,87299.0,3548.0,-1306.0,-89201.0,9346.0,98547.0,3489.0,-1670.0,27155.0,23666.0,-2827.0,-42.0,3.0,2830.0,3337.0,911.0,10406.0,7069.0,5318.0,-3948.0,27528.0,22210.0,165.0,160.0,165.0,0.0,4691.0,2184.0,19798.0,15107.0,1.9025562175667885,976.2138247999998,500.3903715900001,-67.84805683000008,1408.7561395600005,-1290.0,偏多｜外資現貨大買；現貨買／期貨空→偏避險；投信買超,1
2026-08-11,223.28683295,32.24067733,10.54595094,14.05544508,280.1289063,24.60139602,219.0,1899.0,6390.0,4491.0,-333.0,83418.0,86966.0,3548.0,277.0,-88924.0,9385.0,98309.0,4336.0,847.0,29799.0,25463.0,-2578.0,249.0,2.0,2580.0,3395.0,58.0,10897.0,7502.0,3706.0,-1612.0,31980.0,28274.0,165.0,0.0,165.0,0.0,5799.0,1108.0,21564.0,15765.0,1.978893273377994,1256.8159860099997,260.97944832000013,151.04070627999994,1668.8361406100005,277.0,偏多確認｜外資現貨大買；投信買超；選擇權 PCR 偏高≥1.85（≈P80）,2
2026-08-12,110.20811994,28.00740398,11.21086466,75.79582269,225.22221127,87.00668735,-600.0,1239.0,5564.0,4325.0,-1035.0,82383.0,85931.0,3548.0,2245.0,-86633.0,10937.0,97570.0,6307.0,-6480.0,24294.0,17987.0,-2380.0,-1052.0,0.0,2380.0,3129.0,-162.0,9764.0,6635.0,8909.0,-13815.0,23059.0,14150.0,165.0,80.0,165.0,0.0,537.0,-3049.0,14950.0,14413.0,1.5311347808275297,463.9408477099998,176.32542774000012,223.48072220999993,863.7469976600003,2291.0,偏多確認｜外資現貨大買；外資期貨淨多增；投信買超,2
